-1.086891240975957240e+00,1.000000000000000000e+00
6.505275673691094385e-01,1.000000000000000000e+00
-5.685746217739508050e-03,1.000000000000000000e+00
-5.876837133483013842e-01,2.000000000000000000e+00
5.818951695507697947e-02,2.000000000000000000e+00
-3.537769272895368439e-02,1.000000000000000000e+00
-7.026607439732464044e-01,2.000000000000000000e+00
1.721620912190627017e-01,1.000000000000000000e+00
-4.305269826211772233e-01,1.000000000000000000e+00
-1.823070873625902422e-01,1.000000000000000000e+00
7.247377009543054527e-01,2.000000000000000000e+00
8.287703595496548337e-01,1.000000000000000000e+00
-5.796520890214020838e-01,1.000000000000000000e+00
-7.264552784157810583e-01,1.000000000000000000e+00
3.225855122625058136e-01,1.000000000000000000e+00
2.985937246519911881e-01,2.000000000000000000e+00
-2.354332479544368195e-01,1.000000000000000000e+00
-9.802022147246923500e-02,1.000000000000000000e+00
-4.942208979347603170e-01,1.000000000000000000e+00
1.109790089264379442e-01,2.000000000000000000e+00
-5.737163685078775499e-01,1.000000000000000000e+00
8.012251515773627375e-02,1.000000000000000000e+00
1.376147599969324287e-01,1.000000000000000000e+00
-4.645700612525696660e-01,1.000000000000000000e+00
-8.092764515586087226e-01,1.000000000000000000e+00
7.933269886231425483e-01,2.000000000000000000e+00
-1.083174536604877947e+00,2.000000000000000000e+00
6.595371282173899674e-01,1.000000000000000000e+00
-2.266118959573944769e-01,1.000000000000000000e+00
-4.276305559999028505e-01,2.000000000000000000e+00
1.220785480092107633e+00,1.000000000000000000e+00
-2.708212719343134900e-01,1.000000000000000000e+00
-4.372269442885877155e-01,2.000000000000000000e+00
-1.027895041951692040e-01,2.000000000000000000e+00
-4.144878458164631962e-01,1.000000000000000000e+00
-6.064056436131205485e-01,1.000000000000000000e+00
-1.106984933325443343e-01,2.000000000000000000e+00
-8.944825213945307718e-01,1.000000000000000000e+00
1.606966829509397510e+00,1.000000000000000000e+00
1.840855734980627878e-01,1.000000000000000000e+00
1.062254936584378084e+00,1.000000000000000000e+00
1.574125822560656640e-01,1.000000000000000000e+00
3.757005558921121258e-02,1.000000000000000000e+00
1.160707347785296273e+00,1.000000000000000000e+00
2.313306860599389225e-01,1.000000000000000000e+00
2.704705702484737628e-01,1.000000000000000000e+00
-3.768144490895534160e-01,1.000000000000000000e+00
-1.293697441381697066e+00,1.000000000000000000e+00
-1.196058623030652912e+00,1.000000000000000000e+00
6.143701609007523601e-01,1.000000000000000000e+00
1.578514759437333603e-01,1.000000000000000000e+00
1.159758891599808883e-01,1.000000000000000000e+00
5.800605734852354312e-01,1.000000000000000000e+00
1.138528978729415470e-01,2.000000000000000000e+00
5.688703312396895528e-01,2.000000000000000000e+00
-2.901839556425237499e-01,2.000000000000000000e+00
-6.018997822423799958e-03,1.000000000000000000e+00
-7.471156874548334770e-01,1.000000000000000000e+00
-2.635465351223262309e-01,1.000000000000000000e+00
-6.500660345196055401e-01,1.000000000000000000e+00
-9.446503105564747482e-01,1.000000000000000000e+00
1.249482788707957370e+00,1.000000000000000000e+00
7.962486477173524868e-02,1.000000000000000000e+00
-1.478959940805982254e-01,1.000000000000000000e+00
1.381371109008580900e-01,1.000000000000000000e+00
5.137525996647537285e-01,1.000000000000000000e+00
-1.279218728653154447e+00,1.000000000000000000e+00
4.582142622871066551e-01,1.000000000000000000e+00
-8.564381326746554543e-03,1.000000000000000000e+00
-7.883248660054623658e-01,1.000000000000000000e+00
-1.119191193553609048e-01,2.000000000000000000e+00
-8.387045347222583935e-02,2.000000000000000000e+00
-4.198943850167413672e-02,2.000000000000000000e+00
1.675610464135646627e+00,2.000000000000000000e+00
9.655888958063185701e-03,1.000000000000000000e+00
-3.087091616788839032e-01,1.000000000000000000e+00
-7.961899197439615827e-01,1.000000000000000000e+00
-4.761539918285682266e-02,1.000000000000000000e+00
-3.015894635861723350e-01,2.000000000000000000e+00
3.489478196206074467e-01,1.000000000000000000e+00
1.026321492515501976e+00,1.000000000000000000e+00
-6.061319828237218266e-01,1.000000000000000000e+00
2.352951609085945084e-01,1.000000000000000000e+00
2.933778549270792957e-01,2.000000000000000000e+00
-1.025086801953388527e+00,1.000000000000000000e+00
-3.535081453298695719e-01,1.000000000000000000e+00
-8.558516612365608678e-01,1.000000000000000000e+00
-4.024172936103132536e-01,1.000000000000000000e+00
2.146415504177370259e-01,1.000000000000000000e+00
2.558557185781188403e-01,1.000000000000000000e+00
-3.479175671448579976e-01,1.000000000000000000e+00
4.880901275480712953e-01,1.000000000000000000e+00
-4.361848598709233138e-01,1.000000000000000000e+00
9.018958627936086714e-01,1.000000000000000000e+00
7.502535921071491476e-01,2.000000000000000000e+00
6.407005525373918875e-01,2.000000000000000000e+00
5.675391637682117851e-01,2.000000000000000000e+00
-2.544854893258317614e-03,2.000000000000000000e+00
-1.252706573415456104e+00,1.000000000000000000e+00
1.810343671997387105e+00,2.000000000000000000e+00
-7.690485250722608468e-01,2.000000000000000000e+00
-1.548392879976028258e-01,1.000000000000000000e+00
-9.501144867816481432e-02,1.000000000000000000e+00
4.323823247330914610e-01,2.000000000000000000e+00
-8.461749511061160689e-01,2.000000000000000000e+00
7.955815926625579015e-01,1.000000000000000000e+00
-1.815805634098512922e-01,1.000000000000000000e+00
6.077140151196429585e-01,1.000000000000000000e+00
4.039216586061936676e-01,1.000000000000000000e+00
4.644335540360717274e-01,1.000000000000000000e+00
3.992587591255747359e-02,1.000000000000000000e+00
1.059398527517854127e-01,1.000000000000000000e+00
8.991080913983839906e-02,2.000000000000000000e+00
-3.692337910781554600e-01,1.000000000000000000e+00
6.391556388125783084e-01,1.000000000000000000e+00
-1.761407026644613794e+00,1.000000000000000000e+00
-1.510895337418576567e-01,1.000000000000000000e+00
-3.606865613341380672e-01,1.000000000000000000e+00
1.317274184083270516e-01,1.000000000000000000e+00
-1.077772267262511408e+00,1.000000000000000000e+00
5.194350750843483855e-01,1.000000000000000000e+00
-4.393240239957298399e-01,1.000000000000000000e+00
4.558362708461182744e-01,1.000000000000000000e+00
9.554758111042389590e-01,2.000000000000000000e+00
1.363779821457804298e+00,2.000000000000000000e+00
-5.317482458861003819e-02,1.000000000000000000e+00
8.262562873550060027e-01,2.000000000000000000e+00
-6.209450649194925287e-01,1.000000000000000000e+00
-9.158106752874983769e-01,1.000000000000000000e+00
-4.158899178743937219e-01,2.000000000000000000e+00
5.255139812173206249e-01,2.000000000000000000e+00
3.890503298655539344e-01,1.000000000000000000e+00
3.691714539963939640e-02,1.000000000000000000e+00
-4.942698043929443230e-01,2.000000000000000000e+00
1.278440727779888375e+00,1.000000000000000000e+00
-2.892600855573105867e-01,1.000000000000000000e+00
-6.656314237173871495e-01,2.000000000000000000e+00
1.047719398756969733e+00,2.000000000000000000e+00
3.359083525144508919e-01,1.000000000000000000e+00
1.024690060257616109e+00,2.000000000000000000e+00
-6.126297290927128492e-01,1.000000000000000000e+00
-1.358664035086838640e+00,2.000000000000000000e+00
-1.695325661909598269e-01,2.000000000000000000e+00
-1.989973266608488778e-01,2.000000000000000000e+00
-6.882835739235251271e-01,1.000000000000000000e+00
-1.096011734627428735e+00,1.000000000000000000e+00
-7.831561414821551770e-01,1.000000000000000000e+00
-3.528697761966179125e-01,2.000000000000000000e+00
9.331333087286238781e-01,1.000000000000000000e+00
2.511197986361839996e-01,2.000000000000000000e+00
1.643304338406051668e-01,1.000000000000000000e+00
1.028077919049773525e+00,2.000000000000000000e+00
-1.572662359501497409e-01,2.000000000000000000e+00
1.024768136286595244e+00,2.000000000000000000e+00
-7.977904602067854567e-01,1.000000000000000000e+00
5.361401645064448607e-01,2.000000000000000000e+00
-2.121984786452380256e-01,2.000000000000000000e+00
1.092549363592509870e-01,1.000000000000000000e+00
-4.193629711479994193e-01,1.000000000000000000e+00
-8.861803171230195897e-01,1.000000000000000000e+00
3.276210575953127369e-01,2.000000000000000000e+00
-1.044899726033801768e+00,1.000000000000000000e+00
-2.654849011783839280e-02,1.000000000000000000e+00
-1.350607215583566001e+00,2.000000000000000000e+00
-9.969810779496854347e-02,1.000000000000000000e+00
-1.065385065905562589e+00,1.000000000000000000e+00
-8.502628844513007156e-01,1.000000000000000000e+00
3.440610907631524440e-01,2.000000000000000000e+00
-2.670016218271732411e-01,2.000000000000000000e+00
-1.053692831550186337e+00,2.000000000000000000e+00
-4.009806880849838828e-01,1.000000000000000000e+00
7.990699814260331380e-01,1.000000000000000000e+00
-8.088746566643936209e-01,1.000000000000000000e+00
-1.920735966557667596e-01,2.000000000000000000e+00
-7.673525927948707248e-02,1.000000000000000000e+00
1.243162978893729953e+00,1.000000000000000000e+00
-6.103345723766050446e-01,2.000000000000000000e+00
4.609105969824315308e-01,2.000000000000000000e+00
-1.688745376081595695e-01,1.000000000000000000e+00
1.081909231720699749e+00,1.000000000000000000e+00
2.121946840562850767e+00,2.000000000000000000e+00
8.376599159807749384e-01,1.000000000000000000e+00
4.977553108731619935e-01,2.000000000000000000e+00
-4.312106124431787646e-01,1.000000000000000000e+00
-4.926749920800680971e-01,1.000000000000000000e+00
-4.460088976902161773e-01,1.000000000000000000e+00
3.087825169991255114e-01,1.000000000000000000e+00
-3.937754710502223143e-01,1.000000000000000000e+00
1.000985479418565749e+00,2.000000000000000000e+00
-5.147360193660996952e-01,1.000000000000000000e+00
-6.252851208296039687e-01,1.000000000000000000e+00
-2.192936626352079768e-02,2.000000000000000000e+00
-5.929588801137789522e-01,1.000000000000000000e+00
9.058621930962763580e-01,1.000000000000000000e+00
-5.031451200462032647e-01,1.000000000000000000e+00
-3.635976132820407658e-01,1.000000000000000000e+00
-2.395097909933449343e-01,1.000000000000000000e+00
-2.082723896813194919e+00,1.000000000000000000e+00
-3.837482952418411197e-01,1.000000000000000000e+00
1.195274516238910012e+00,1.000000000000000000e+00
-3.791694691162265651e-01,1.000000000000000000e+00
-8.563954845787387082e-01,1.000000000000000000e+00
-9.443062462901390119e-02,1.000000000000000000e+00
1.899821503775885045e-01,1.000000000000000000e+00
9.524033735645195398e-01,1.000000000000000000e+00
3.988294405143076593e-02,1.000000000000000000e+00
-2.847739611957243455e-01,1.000000000000000000e+00
-9.550624216169668612e-01,1.000000000000000000e+00
-8.876186867806795666e-01,1.000000000000000000e+00
5.523960535780071401e-01,1.000000000000000000e+00
4.606439355986451933e-01,1.000000000000000000e+00
1.442844640876283779e-01,1.000000000000000000e+00
1.616828801831344808e-01,1.000000000000000000e+00
-6.136850432515453813e-01,2.000000000000000000e+00
2.959277822790430945e-01,2.000000000000000000e+00
-3.275074665843860089e-01,2.000000000000000000e+00
-2.544425185327138239e-01,2.000000000000000000e+00
-4.420959459186306617e-01,2.000000000000000000e+00
4.050767697915008680e-01,1.000000000000000000e+00
-9.027014231416821133e-01,1.000000000000000000e+00
3.706918700594454275e-01,2.000000000000000000e+00
-2.846061174906948654e-01,2.000000000000000000e+00
-1.798616431356598211e+00,2.000000000000000000e+00
-4.741370088777487057e-02,1.000000000000000000e+00
3.817881688472272717e-01,1.000000000000000000e+00
-1.367671895121594927e-01,1.000000000000000000e+00
-1.099727702284793995e+00,2.000000000000000000e+00
-9.319197472817446481e-01,1.000000000000000000e+00
1.422612272969652869e+00,2.000000000000000000e+00
-3.415556704608394556e-01,2.000000000000000000e+00
5.354385205065428366e-01,1.000000000000000000e+00
4.819552285268638436e-01,1.000000000000000000e+00
1.240327106899381304e+00,1.000000000000000000e+00
-1.229777081800255134e+00,2.000000000000000000e+00
6.898847422168647991e-01,2.000000000000000000e+00
-1.215110410412011843e+00,2.000000000000000000e+00
-6.291400339091841598e-01,2.000000000000000000e+00
-1.109865685154798609e-01,1.000000000000000000e+00
9.877726273159559423e-01,1.000000000000000000e+00
-3.405917235037492774e-01,2.000000000000000000e+00
