9.844360168850567749e-01,1.186583820596403410e-01,4.734535131659387552e-01,9.266455162991475980e-01,2.206232268370534322e-01,8.630236346546620307e-01,1.031803620984079961e+00,1.296445576502843755e+00,3.141025689218874262e-01,2.329928634246504759e-01,-1.141147909422389820e-02,6.414220770541283478e-01,1.281334970541045060e+00,8.730826710290461312e-01,1.000000000000000000e+00
1.324165970002441906e-01,-9.245414020492964680e-02,1.417023758940296752e+00,7.169203424144396930e-01,1.818107427842694745e+00,1.744939411557635101e+00,5.641087632525558782e-01,-1.232968469192192856e-01,-3.619906071673529846e-01,-1.943906035125558152e+00,-2.380035460123968577e-02,3.893771972335740017e-01,7.259225467317254044e-01,-1.386724810451113454e-01,1.000000000000000000e+00
-2.287024661488008537e-01,-3.315965319005315659e-01,-1.780836341599392192e+00,-2.281656763402676091e+00,-1.832457498629842751e+00,-9.813963569810399967e-01,-9.540248431536400009e-01,3.358827978464509756e-01,-4.659919617516734003e-01,1.253400472507315122e+00,-7.355957981384233513e-01,-2.402141826154465809e-01,-7.246597135476433582e-01,-5.152619660526088774e-01,1.000000000000000000e+00
-2.439277075045535592e-01,7.234177158335570734e-01,4.830124996085750633e-01,3.589375939523270498e-01,4.234558314137019663e-01,1.802605284696336407e-01,-1.228061019929209269e-01,-2.100271742875928216e-03,-1.451229298728574230e-02,6.624756626827797978e-01,-5.573743954180774285e-01,-1.227757911531883073e+00,1.702309154480775577e-01,-5.715719286760858608e-01,2.000000000000000000e+00
-8.678721041142883896e-01,1.567191055984462622e-04,5.039223990095207523e-02,-3.456921881208140368e-01,-1.278467818409122270e+00,-1.072789833468857257e+00,-6.247323692129199690e-01,-4.250923839968590023e-01,-4.999292323323257792e-01,-3.128172585919413579e-02,-1.363206314553348619e+00,-4.517343943038399923e-01,-5.366944595271395668e-01,-7.217325589220202620e-01,2.000000000000000000e+00
-9.098254149558752113e-01,-2.163035029461891634e-01,2.552232698308209979e-01,7.348429454757559043e-01,6.954581161522514765e-02,-2.423663588952425507e-01,5.633308681615922797e-02,-6.437516347599380184e-01,-2.962308245038633436e-01,9.543728672012823377e-01,-1.236101729998205334e+00,-5.467446463633964804e-01,-2.600349791696813795e-01,-3.533250210864377072e-01,1.000000000000000000e+00
-4.075696289405536632e+00,-3.312775445442122546e+00,-2.742603376413009553e+00,-3.244157861100505968e+00,-2.149764425192361994e+00,-3.977912231527216846e+00,-4.049490729627899910e+00,-3.933329824529026020e+00,-3.056252722687857748e+00,-1.290981871732576280e+00,-2.321001665323432217e+00,-3.301459261327964079e+00,-3.980736764443228104e+00,-3.363328029877612479e+00,2.000000000000000000e+00
-8.520582372912628433e-01,3.594321862166686699e-01,-1.239292783946128296e+00,-1.581954521025715210e-01,-6.635867341244156004e-01,-2.547437447153245160e-01,-3.430795595368727607e-02,-1.181285588612250859e-01,-4.410006791677012483e-01,6.791445517145773270e-01,-1.623549913234640263e+00,-3.721638177512507362e-01,-2.868329329150856033e-01,-7.299371118298951799e-01,1.000000000000000000e+00
-3.025246341891449364e-01,-1.991295337201671733e-01,-2.467572184647400524e-01,-9.779805710730704593e-02,-7.313830793973569167e-01,2.810881478226339714e-01,7.426890292652551517e-01,9.389398008003813079e-02,-1.226998405356038102e+00,-3.258020395210757814e-01,-6.334517982766284527e-01,2.693604966577575754e-01,1.796552585484065823e-01,-1.881588654585746312e-01,1.000000000000000000e+00
-2.682929798592685433e+00,-2.979525119520889387e+00,-2.305315199575099339e+00,-3.046627561808748830e+00,-3.002931622731618067e+00,-2.834253567888836312e+00,-2.700093355829585651e+00,-2.069862469391935189e+00,-1.768890658929538340e+00,-9.111979754508430229e-01,-3.110211513632216818e+00,-2.451375861989491867e+00,-2.836850082252122984e+00,-2.696989366219921802e+00,1.000000000000000000e+00
-9.314833903815022964e-01,1.521857380304847684e-01,-1.570136085019270822e-01,-4.789380803438740841e-01,-6.671238055881483220e-01,8.767490247488914090e-02,-3.296530146980815035e-01,9.761285928393180489e-02,-1.499617191528371807e+00,-1.938432517750872108e+00,-3.514975572125635939e-01,-1.536620258468363587e-01,-7.847584320803484559e-01,-4.817755867852421270e-01,2.000000000000000000e+00
3.319004555041936699e-01,3.147687148628603437e-01,-6.518201587670853225e-01,4.138484960566291004e-01,-7.287908077084100100e-02,-3.547405932531477180e-01,-8.498798167671777204e-01,-8.481978479770126977e-01,2.158319753094902760e-01,1.166919726726396989e-01,-1.081226898635295308e+00,-8.983258608810971158e-01,-9.269473114512573053e-01,-7.499195604107237179e-01,1.000000000000000000e+00
4.188715551552341654e-01,-9.267399287092192850e-01,1.128094853654970198e+00,1.733214267831589384e+00,1.282183231544922641e+00,-2.581861961950787099e-01,5.369384965172352420e-01,-1.377927755572069701e+00,6.354078690066581325e-01,1.090036387469335732e+00,-1.278818385058757279e-01,4.197845437033978500e-01,4.129132801689304744e-01,-2.125626852301669423e-01,1.000000000000000000e+00
4.521862592576830764e-01,-3.038168452068462089e-01,-1.889671536966552601e-01,-1.540888845192168455e-01,3.782441704247272996e-01,9.058084324609892712e-02,1.549933768014253310e-01,-6.753199974521770788e-01,9.716949722409455870e-01,-8.950843650007023200e-02,-3.073290292773310783e-01,5.958354057683675625e-02,-2.182125076686461107e-01,2.783203727004574662e-02,1.000000000000000000e+00
-1.187519617522412529e+00,-1.333948576980533984e-01,-1.599323030080914254e+00,-1.142524005688457134e+00,-3.429314460146763999e-01,-5.093014666342253749e-01,-9.475849676816450184e-01,-5.184033777110818031e-01,-8.849517746348143366e-01,-9.159597804315630087e-01,-6.002827807303547925e-01,-6.237355335445590732e-02,-3.475559198825478036e-01,-5.261162491665813956e-01,1.000000000000000000e+00
3.147414946582938744e-01,6.086361552478726233e-01,6.220899229723162449e-01,5.353919801991036120e-01,4.392977646396266644e-01,1.577677480254255915e-01,-4.596459347327852552e-02,-2.746329152870951446e-02,6.068468684641205035e-01,8.914263869688974218e-01,-7.223190815506544959e-01,4.393770324526038995e-01,2.828821742507214854e-01,3.498561284241192282e-01,2.000000000000000000e+00
3.985756243534862020e-01,1.244876286546610089e+00,1.828025950011759326e-01,-6.737640073659351136e-02,5.000338671589270589e-01,1.133194450019727073e+00,6.994021144186464145e-01,8.412873737006221209e-01,1.129240635815152105e+00,1.437307471212967203e+00,-5.080512369034356768e-02,1.170920349134330074e+00,6.619283255292929269e-01,1.312327417701862231e+00,1.000000000000000000e+00
-1.173753959022815652e+00,-2.244774531412315532e+00,-2.855080225122522464e+00,-1.963378815264740673e+00,-1.265133487219546993e+00,-1.929849373252761957e+00,-1.317515789357851741e+00,-1.671890625989618684e+00,-8.918794960983641440e-01,-1.782952591137103582e+00,-1.124339130338108950e+00,-1.369723276282423408e+00,-2.084293659918275310e+00,-1.696970990484301112e+00,1.000000000000000000e+00
-1.563315201938306753e-01,-1.176437662737487733e+00,3.839099922298371270e-01,-4.911351676790868259e-01,-3.856450043903253411e-01,-4.924323676883944900e-01,-9.600025942666657874e-01,-5.739202259234321701e-01,-5.202077000386009509e-01,4.580504954041393351e-01,-1.346597093431733505e+00,1.620986462940541828e-01,-7.685906522228014293e-01,-3.050310005124042267e-01,1.000000000000000000e+00
4.117254282825354439e-01,4.419847225144254432e-01,2.315938337952730963e-01,-7.366492544480678362e-01,7.587047451720112523e-01,8.186454681855236115e-02,-6.675917190845123694e-02,6.115222036451258836e-01,-9.191936901143618055e-01,-6.210183289318365052e-01,1.271634636219307057e-01,1.418609362100088367e+00,6.090509193000255284e-01,1.050894516003324064e+00,2.000000000000000000e+00
-4.466858105350950403e-01,-7.383325485392244758e-02,-1.239658847439650546e-01,6.780873945731441532e-01,-5.634998422144988917e-01,-2.863694348787532706e-01,8.077249449640303558e-01,-4.901706766883079935e-01,3.815513537170798775e-01,7.351975834904700413e-01,1.477271508906366215e-01,4.181768562242284548e-01,3.955446349555816199e-02,-3.813849873232654231e-01,1.000000000000000000e+00
1.979282670724211712e-01,-8.107333501661382336e-01,5.266128195569247383e-01,-1.002500387439055340e-01,-1.048315909193873852e+00,2.912304649621224040e-01,4.442964170108704147e-01,8.758562949721528101e-03,1.051856773147812479e-01,3.726157591386359269e-01,8.892594304048562215e-01,-1.363109769465342458e+00,-1.228355854432275213e-01,-6.780516816283128634e-01,1.000000000000000000e+00
6.596259331681988414e-01,4.263146485882270964e-01,1.075985125250546348e+00,3.606504472714461285e-01,-1.525071423346852084e-01,4.822531364798242626e-01,2.161252353211916971e-02,1.782859681031908616e-01,9.786196833858992195e-01,5.178462736797504462e-01,7.331482324382538884e-01,-8.501228367599442115e-02,3.612897557529283210e-01,-9.900624349247488798e-05,1.000000000000000000e+00
-7.641899220387016189e-01,-6.512001155560249721e-01,-8.831339719115605114e-01,1.933036560770409057e-02,2.652340822821898647e-01,-3.662642416579340865e-01,-1.416097116351343055e-01,-5.807032839605569263e-01,-1.773382423761110105e-01,-4.301608193333628649e-01,-6.027884066551774112e-01,4.076693987283896287e-02,-6.289674153747308871e-01,-8.671626457598234916e-01,1.000000000000000000e+00
-6.954472704805045868e-01,1.144135054208124946e-01,2.250373388067093416e-01,1.625322994869193849e+00,4.813370950813485316e-01,-1.069034899569529351e+00,1.250624313273379362e-01,-9.705785838025322576e-01,7.036246806536861076e-01,2.203799869650674426e-01,2.418835123940828169e-01,-6.302420479521427810e-01,2.171749938989150919e-02,-8.704930426092744034e-01,1.000000000000000000e+00
1.159567529118389118e+00,1.793636072342761567e+00,2.965499956316095531e-01,1.029382593700965964e+00,1.240648821899240084e-01,1.518808815521649480e+00,1.430103688695133268e+00,1.493390239059640523e+00,1.673830278863345011e+00,1.955845155842928618e+00,7.255802211707325089e-01,-2.445716375024802880e-01,5.525194486251391313e-01,2.676226489020809840e-01,2.000000000000000000e+00
-1.390640831650558296e+00,-8.002665054091441244e-01,-8.253511796268873102e-01,1.731612116654396571e-01,1.384897521552202193e-01,-3.097806720685513659e-01,2.548372720569536676e-01,-1.183863747657447618e+00,-7.433470141784274121e-01,-3.095736994951414633e-01,-5.804415373127604916e-01,1.678528687061464908e-01,-5.239355149274516066e-01,-8.737599311709947081e-01,2.000000000000000000e+00
8.610017662636308966e-01,1.932824443743254017e-01,-6.447519228205933484e-01,-7.638923335060576747e-02,-2.693706151837256813e-01,-9.288254775043885969e-02,5.225431194233803173e-02,-5.001616283431609133e-02,1.032917260373426016e+00,1.159824543340657044e-01,-5.181768666381383892e-02,2.799011395396627799e-01,-2.335913374550949162e-01,4.925118013978579262e-02,1.000000000000000000e+00
-1.282396857838021376e+00,2.119090940180399785e-01,-6.397968519121330910e-01,-5.473539075275235533e-01,5.357392594892737003e-01,-5.244925685147382444e-01,-1.865605914546636823e+00,-6.842660271923179938e-01,-1.718982927352427359e-01,1.278637486517238686e-01,-1.373437317376303035e+00,-3.509894024797295675e-04,7.672805306112559509e-02,3.032466068961333083e-01,1.000000000000000000e+00
-1.608748993568349883e+00,-9.926958003740985470e-01,8.059478578248782110e-01,-7.028527203775049026e-01,2.505799646320753804e-01,-6.122246548368257546e-01,-1.019582694484409968e+00,-5.130669949271087216e-01,-1.999826055710330008e+00,-4.683917197604128280e-01,-1.453440287883518645e+00,4.031073853392431738e-01,-1.393916024100883888e+00,-9.651203708317341867e-01,2.000000000000000000e+00
-1.914226446518010050e-01,-5.894580706346291832e-01,-3.310538678797338430e-01,-1.254826217228702800e-01,-7.408668020110069641e-01,5.288228504821902431e-01,5.173188431189577052e-01,6.554058119533867632e-01,3.830505729399233394e-01,-8.747703829556027211e-01,7.834437422657274386e-01,5.066988654893076482e-01,1.826855081850176088e+00,7.385006804030508354e-01,1.000000000000000000e+00
-8.297567326259467357e-01,6.629236062212653380e-01,2.952444615830416841e-01,1.395876470870410779e-01,-6.507035822009730186e-01,-4.913904364433917538e-01,9.331693635194741876e-02,-3.106172427945309567e-01,-5.997353158568765608e-01,6.157692872304613985e-02,7.797307612746221528e-01,7.746316223234007703e-01,-8.213386073502668694e-01,-8.947223217052165112e-03,1.000000000000000000e+00
-9.633557962708171329e-01,-1.148597513327849651e+00,-8.129470977115471619e-01,-5.329218428479240988e-01,-1.281769266984891686e+00,-1.091121585690094209e+00,-9.569899562459533993e-01,-7.561560706357204342e-01,-7.300619604870837998e-02,-9.328945374200660057e-01,-1.253724790107688447e+00,-7.517374472248837813e-01,-2.259533952200506179e-01,-4.489608099517758966e-01,2.000000000000000000e+00
8.774108609822285354e-01,7.169312676240917614e-01,-2.559478594597983103e-01,1.762923635580119774e-01,7.329457296284693779e-01,8.159280750975610452e-01,8.961074162996174319e-01,-2.828771998117410869e-01,-1.325889936244064593e+00,-4.547306791125507730e-01,5.843335102642929213e-01,4.102517893154185025e-01,-1.403280706660450516e-01,5.031936231750473026e-02,2.000000000000000000e+00
-6.957078027512855201e-01,-1.049653441281400701e+00,-1.480603427679096473e+00,-3.855856959463338160e-03,-9.085908883674601588e-01,2.686014425187854479e-02,4.399620875348395077e-01,-7.689352405306774108e-01,-7.745108440262126193e-01,-1.366588775211966755e+00,3.119082746836830955e-01,-7.347624084431394476e-01,-1.176942565157070630e+00,-1.266828983616785198e+00,1.000000000000000000e+00
1.046946938370926922e-01,-5.055637887098216599e-01,-3.430985597717602920e-01,-5.198678618472586388e-01,-5.995119928862657765e-02,-1.676350118456919613e-01,2.162178042923726395e-01,1.197588193642943555e+00,5.327341851879260348e-01,-5.637414080996113741e-01,5.464015814970909490e-01,5.562112308522757648e-02,1.493658993820689673e+00,1.768287869396817591e+00,1.000000000000000000e+00
-1.040384851084488638e+00,-1.463921290624132343e+00,-1.035384175372346727e+00,-2.523607831953141867e-01,-2.837702027732527110e-01,-1.054492063559902437e+00,-1.549021201933438618e+00,-1.567490855217892332e+00,-6.673115843052347396e-01,2.950136813822718529e-01,-1.649668960249795813e+00,-6.685303996991021069e-01,-9.325955441440776372e-01,-1.332216387906080879e+00,2.000000000000000000e+00
-8.622215813287693598e-01,-1.323747969653295442e+00,-6.629204913482190653e-01,-1.373915056973578630e-01,-1.647011315629750339e+00,-1.105209937700050160e+00,-1.188892102794420591e+00,-1.091908561643888387e+00,-4.854190887034335877e-01,-1.602896410187813814e+00,-5.274921252693230977e-01,-2.084388083766341992e+00,-8.451793058625697297e-01,-2.041639485964785283e+00,1.000000000000000000e+00
-1.100128499384320779e-01,-4.408517856762398934e-01,1.972222471117848486e-01,9.351377559073252854e-01,9.592432593600949686e-02,6.516524309814202276e-01,1.543706204255296033e+00,-6.262038075138348647e-01,9.304753812931336743e-01,7.556059155959182760e-01,-5.825753280459666783e-01,-1.541538477620875147e-01,2.031265490795504947e-01,-4.567353516623281484e-01,1.000000000000000000e+00
5.275537696584089442e-01,-2.146652056066093717e-02,1.261331212543034264e+00,1.020193888907622082e+00,1.235340379364254337e+00,6.131788410652869170e-02,1.303045534817750539e+00,9.126073396548459171e-02,1.173538791018386984e+00,1.510598146541489051e+00,9.988555694995977507e-01,5.755771532584442740e-01,5.194407050350176025e-01,-7.867706558120654559e-02,1.000000000000000000e+00
-1.655448465963599736e+00,-7.296051710177376970e-01,-6.161800457094177563e-01,-6.784819743008493331e-01,-1.187175774078946366e+00,-1.122526618958675337e+00,-2.262249583157461275e-01,-7.010722733754524150e-01,-1.196310741394122634e-01,-2.766837151072546463e-01,-6.440351188797975857e-01,-6.491162654923385844e-01,-4.963428965230831102e-01,-9.355142208319202624e-01,1.000000000000000000e+00
-1.186749833053196701e+00,-7.932552288864986867e-01,-5.203056107551976561e-01,-9.580426118451603745e-01,-9.580589704005643137e-01,-1.543155614154427591e+00,-9.582928178848396650e-01,-1.128451370106709151e+00,-1.053835221354356033e+00,-9.125317668000179072e-01,-8.562405010140424766e-01,-8.046873341731879403e-01,1.349096102187967439e-01,-9.596655721146446494e-01,1.000000000000000000e+00
-1.132853780022817336e+00,-6.340573761921806106e-01,-4.424666117813607080e-01,-9.933915765231767780e-01,2.678123820207649608e-01,-7.577712679670619567e-01,4.249667518241857511e-01,-9.640583898465309165e-01,-7.201264563455839207e-02,-4.285293557073861503e-01,-1.953325082748350316e-01,-8.415107429078977352e-02,-1.491589971640517875e-01,9.656927912134527503e-02,1.000000000000000000e+00
6.394626763742891074e-01,1.939668315858306125e-01,1.005731094281180793e+00,7.205844442195568078e-01,-1.310824323264745850e+00,6.030657375966415046e-01,8.453237847296135588e-01,6.019220051457223608e-01,7.120243814932732951e-01,-6.177636635426692058e-02,1.188635872562887608e+00,4.272298379863423978e-01,7.451971456481569778e-01,-2.211440581463548771e-02,1.000000000000000000e+00
5.154147657903899171e-01,-3.686328001500908669e-01,-8.921452285688811212e-01,-2.344660740589086731e-03,1.147425237289183997e+00,6.470258885473184618e-01,-2.670958199587068482e-01,-2.027098311482978255e-01,1.444285006077232314e+00,1.274806535227982929e+00,-4.806127127949529343e-01,-3.899560416656802642e-02,5.401993350441224306e-01,-2.129818737383512225e-02,1.000000000000000000e+00
-1.631530241467913811e+00,2.150706108836415997e-01,-1.742999286944038939e+00,-1.206860565763199222e+00,9.869448876138586790e-02,-1.635522392627699162e+00,-1.145326609761810666e+00,-7.445094669171304913e-01,4.554160585974211806e-01,-3.329941140983898595e-01,-1.094576953612423215e-01,3.129227724437652070e-01,-3.414585593827350329e-02,-8.542920426336290118e-01,1.000000000000000000e+00
-1.308139719908981924e+00,-7.036205715755556866e-01,-1.134826663821336901e+00,-5.851439059861854863e-01,-1.662263412777157612e+00,-8.470583440292203115e-01,-2.205084731031618173e+00,-9.626559058200743202e-01,-1.249254110798014406e+00,-1.222834997960164038e+00,-2.123213505782797661e+00,-5.825100417679536235e-01,-7.908898301457550906e-01,-1.062048176259256849e+00,1.000000000000000000e+00
7.814835108254896134e-01,4.379841044730550248e-01,9.225657329601479884e-01,5.641709950539287588e-01,2.253815152396672350e-01,1.155557195924545422e+00,9.431402915449201840e-01,5.822525293603563190e-01,-3.511947883642071999e-01,2.983332573231982088e-01,7.872264474682237889e-01,4.483927518473155849e-01,1.178176137731258843e-01,-4.006611745409852099e-03,1.000000000000000000e+00
8.289413808871182177e-01,6.414949414193158450e-01,1.325420606876550389e+00,7.810881960268756252e-01,6.699036790767890492e-01,1.825158877976445160e+00,3.024899521807633551e-01,1.767436353130649618e+00,-2.005205507496791301e-02,1.284573911798513102e+00,2.070035045210218694e-01,1.081260095401171961e+00,4.989328526868531677e-01,1.518753821192305287e+00,1.000000000000000000e+00
6.911455767032459452e-01,6.442039072472710570e-01,6.100836521513067767e-01,6.299578651383646033e-01,-3.824865684858270720e-01,8.689365252230827341e-01,6.886637992229586169e-01,1.419605482078760694e-01,2.109970451912153711e-01,-5.104685316913603055e-01,3.715235051415182732e-01,8.643473179442997534e-01,8.404799583966513499e-01,9.499056357116695271e-01,1.000000000000000000e+00
2.708463408008361384e-01,-6.477573863209552529e-01,1.326110354852237938e-01,4.224729698205104689e-01,-6.550135435835153785e-01,1.645952772940057207e-01,6.376977447100509178e-01,7.133817456701042892e-02,2.619048808814996090e-02,-7.957884312998189102e-01,7.060482176890672257e-01,-6.279820757492515781e-01,-1.743555508558780609e-01,-5.066145753340477453e-01,1.000000000000000000e+00
-1.422751670803088953e+00,-8.124291969995331986e-01,-1.805763500867156424e+00,-1.141493044290138092e+00,-6.520288992149636531e-01,-2.727116024453906107e-01,-5.987417125271814466e-01,-4.948274441350727915e-01,-1.708310722769805556e+00,-1.044145248231715284e+00,-1.374045968444415955e+00,-5.424919661758079714e-01,-1.132675073180532399e+00,-4.461969081434364881e-01,1.000000000000000000e+00
2.694949249678945113e-01,2.819010585087404139e-02,5.067830062936641289e-01,-9.427722838179771747e-01,-7.287670502670397232e-02,1.999284446625070877e-01,-1.052979003769521915e-03,5.700339159544333401e-02,4.106662732715012920e-01,5.785720513438060708e-01,-1.816852745557886659e-02,7.351443681819371800e-01,-8.846606149113214745e-02,1.009329334541240630e+00,1.000000000000000000e+00
-8.476005156314313504e-01,-2.445575526020688228e-01,1.596345418060012289e-01,-9.732524319475641672e-01,-5.821156917699341071e-03,-1.131966674804033346e+00,-2.440787959252413430e-01,-5.312250697949979505e-01,-6.543533694547808421e-01,1.873993306484142418e-01,-2.269681060923780525e-01,-3.055137778799756898e-01,-4.167297682323573005e-03,-3.784082406711454238e-01,2.000000000000000000e+00
9.840647536491261560e-01,1.029074861087366122e+00,1.811195557295246283e+00,5.238390297169681631e-01,6.107329564575878500e-01,8.375909719791533314e-01,1.213996186596228322e+00,1.019534000515234906e+00,1.065018906874172888e+00,5.754156869826561049e-01,2.111673240793736639e+00,1.362641018275426497e+00,7.117535586515119084e-01,1.417413473172128846e+00,2.000000000000000000e+00
2.668265415273937680e-01,-1.893286688970433618e-01,4.540148879277468297e-02,-2.574973900349122324e-01,-1.109477418099777957e-01,-7.593835106712896188e-01,-2.673773030725621891e-01,6.505427904251429028e-02,3.121520179045468302e-01,7.545002134607602107e-02,3.405148853312562895e-01,-2.062677631160622638e-01,6.949469488852431098e-01,5.790512134239587105e-01,2.000000000000000000e+00
-8.742632905037344138e-01,-5.514263375854270288e-01,-6.343179852645559613e-01,-3.942948551287060455e-01,-3.546956492415163087e-01,-1.583605935182171409e+00,1.110565306534452290e-01,-1.161901014844542557e+00,-4.369980022862306468e-01,-1.166496704154651454e+00,-1.328885248122256280e-01,-1.207659260984931482e+00,-9.995554757264675239e-01,-1.107320480514858430e+00,1.000000000000000000e+00
4.529603440077822896e-01,6.193666370805112759e-02,-4.835013688507919238e-01,7.849112973202542198e-01,-7.165541041197037719e-02,2.986168731688467193e-01,-3.287940065616156149e-01,3.725423252458551909e-02,1.214052715237345231e-01,2.108028492109331048e-02,-8.108807041381550507e-01,-3.328233907940646163e-02,5.957629373370421783e-02,-1.924889940038238545e-01,1.000000000000000000e+00
-5.086619183032192737e-01,1.214890563024200731e-01,-9.245088692568500521e-01,2.125676469995881224e+00,-6.392777917452667769e-01,1.833014863810722872e+00,1.207250924066346487e-01,-3.545960055141931244e-01,-4.827680847019179544e-01,8.402286363478711495e-02,-8.746902781167885665e-01,-1.464622880774518077e+00,3.727149102252924617e-02,-1.698648506598901875e+00,1.000000000000000000e+00
1.222963123340780722e+00,3.976715055847195313e-01,5.888424824658988754e-01,9.768618223993646987e-01,-7.379502000082013846e-02,2.058324351009688247e+00,1.260277484274914261e+00,8.006033188335522077e-02,5.199619063740361646e-01,2.149310609876415035e-01,1.039059125099441178e-01,6.489278056377045800e-01,-1.082038894255067385e-01,1.758190436499300346e-01,1.000000000000000000e+00
-2.427752954254843942e+00,-1.825014538584311508e+00,-8.354286367477971043e-01,-8.632705803223502672e-01,-7.737413858116688470e-01,-3.074557388160349403e-01,-7.347488127740030572e-01,-1.428909823265375634e+00,-1.068937939818219718e+00,-1.082099621505135500e+00,-8.760277310792841110e-01,-8.643857959512827316e-01,-1.346960107394711725e+00,-1.057874885743944615e+00,1.000000000000000000e+00
1.167824975832907120e+00,2.130674007698674988e+00,1.608459472162869774e+00,7.100639555689695070e-01,6.755018555569338723e-01,1.549024864544326530e+00,2.236819158323837264e+00,1.678962522000825519e+00,1.873573851018552061e-01,8.188862314114332408e-01,1.667418268827192573e+00,6.050846417950612732e-01,1.569151643332652002e+00,1.747035233222961059e+00,1.000000000000000000e+00
-1.774976121977256627e+00,-1.299324473490845178e-01,-1.413398079265713925e+00,5.940456141667807555e-02,3.068148406237720671e-01,1.987259646761926901e-01,-6.758142440686367713e-01,-2.605586117841109939e-01,-5.655598457476616880e-03,2.011357570787222770e-01,-7.671735566040202015e-01,-6.996257842532481730e-01,3.137969607293067398e-01,-1.129451155418272457e+00,1.000000000000000000e+00
-1.242490196599443930e+00,-1.614281153710392935e+00,-1.500341370958207854e+00,-1.364052888962634436e+00,-1.244740670609190802e+00,-1.178542484803916768e+00,-1.565595635826120713e+00,-1.332396451346068433e+00,-1.682021077366345096e+00,-2.054357301962742799e+00,-1.646750596736547667e+00,-1.764629453702551753e+00,-1.674720387861152293e+00,-1.704767834952248151e+00,1.000000000000000000e+00
-2.005899507550965133e+00,-5.682162739630843840e-01,-8.234752537197467248e-01,-7.408035923034930192e-01,-2.834221387724158436e-01,-3.921767489963490227e-01,-2.546191801589712811e-01,-1.204643080272626898e+00,-1.172641961818171819e+00,-8.933367023548091090e-01,-1.126734219966859518e+00,-4.193496965030207857e-01,2.844224754771675912e-01,-1.036087181863914797e+00,1.000000000000000000e+00
4.401931350646439145e-01,1.517531649120788639e+00,6.089943234815460293e-01,4.193470448321002242e-01,-1.317808573459678945e+00,-1.270290811511944229e+00,-1.202563331630102317e+00,5.297062474881956140e-01,-3.116293285398280544e-01,-2.969578422009027663e-01,-4.964958944085269277e-01,1.766380128582824893e+00,-9.879374685695423847e-03,-7.110495151494579391e-02,1.000000000000000000e+00
-1.477453086877428268e-01,-4.345888439586789165e-01,-6.459949460539327060e-01,-6.957833788915356310e-01,-1.313974405275257218e-01,-5.770207772735640450e-01,-1.352888082668552538e+00,-1.306088355171224347e-01,-1.498807004787211239e-01,2.664297386748715191e-01,-1.589825457699691302e+00,-4.544388159357241053e-01,-4.028292886073943646e-01,-5.916428999598692950e-01,1.000000000000000000e+00
-3.720484100983360853e-02,4.057707082173125923e-01,5.921030581888790667e-02,4.915703656625226570e-01,4.042977241745769890e-01,4.270687448352971094e-01,4.685032980448433637e-01,3.561176410350380128e-01,-4.164134542061089794e-01,7.456609776559669500e-01,9.284251036209338614e-02,-3.056175769151585064e-01,-3.375204424171115436e-01,-2.878203657086255141e-01,1.000000000000000000e+00
1.039539573893548896e+00,6.841870457674825712e-01,8.500749828744481595e-01,2.759303908511161474e-01,7.661687129848115951e-02,1.278623662172815090e+00,1.359442932193192011e+00,9.030476507932827523e-01,7.515202001953491528e-01,8.032833860746377286e-02,2.456547415594466655e-01,7.345084408648672181e-01,5.312070151434982179e-01,3.842916770083949496e-01,1.000000000000000000e+00
-2.042800259469432778e+00,-2.294096544191125631e+00,-2.148589758679078532e+00,-1.858550360012557467e+00,-2.587407723189262931e+00,-2.529652075431749303e+00,-1.990370595347203952e+00,-1.905302950704993892e+00,-1.820605136474873653e+00,-1.966653682940612491e+00,-1.304094274941999920e+00,-2.476208906386630382e+00,-2.077359334120552958e+00,-1.938195354147769889e+00,1.000000000000000000e+00
-8.181273040317166290e-01,4.738800142286085926e-01,-4.111735258173420671e-01,-1.023581924035300433e-01,3.017532077815679448e-01,-5.573851535047624761e-01,-1.259591028154598336e+00,1.757378649055465480e-01,1.739675841183742633e-01,7.604956531714205381e-01,-2.170460505137248308e-01,-1.021949503488449595e+00,1.866437993424316377e-02,-3.555619293490204780e-01,2.000000000000000000e+00
-4.045336830495284142e-01,-1.628158178016161639e-01,-1.908380657922012225e-01,-5.540498848813808497e-01,-1.234791774297421263e+00,-1.329920424838186621e+00,-6.928900937900391854e-01,-5.512050634281716599e-01,-8.449100020289348478e-01,-3.062072666327008141e-01,-1.588691944482703011e+00,-6.920967922662055738e-01,-8.543241550544308227e-01,-1.610900674686796541e-01,2.000000000000000000e+00
6.136261382277684584e-01,4.350203237743768270e-01,1.064611671723035169e+00,9.613738657444543811e-01,7.935705476684811188e-01,1.929550123724293353e+00,2.123897902760643053e+00,1.067162389399922251e+00,1.055956552438783280e+00,4.621500296305540156e-01,3.911911809814251906e-01,4.862654908011951882e-01,1.250152053917320316e+00,9.838603261175611348e-01,2.000000000000000000e+00
2.871591945744086938e-01,7.327013035927392171e-01,1.661043584080365287e-01,6.069591404407218005e-02,2.312851120487315448e+00,4.564744627339947791e-01,1.375085609328434266e+00,1.063502596970653302e+00,8.654037969917682815e-01,4.538584927382119383e-01,1.093176323125996330e+00,7.217199336077254612e-01,1.710948122279551509e+00,1.967974571743791312e+00,2.000000000000000000e+00
-1.684864331145296212e+00,-1.588940864974316636e+00,-2.025917683569509187e+00,1.695793568666511542e-01,-1.332461067484121298e+00,-1.066317536741841376e+00,-7.265751217651427174e-01,-1.665792085449765647e+00,-6.140080380882956268e-01,3.031145512284895149e-01,-1.437560102919922755e+00,-9.148282776254981208e-01,4.293384806440884160e-01,-1.780855797659551154e+00,1.000000000000000000e+00
-1.317570165506595448e+00,-6.691552228072104036e-01,-1.521834316542910459e+00,2.853111191966082316e-01,-1.761881430533351889e-03,-3.096826739014525987e-01,-1.037720070203496991e+00,-7.848414753516208542e-01,4.954014705288187770e-01,2.597835594638149281e-01,-6.674729804980705783e-01,-1.457851357093517652e+00,5.643870465820528537e-01,-1.187076011201643411e+00,1.000000000000000000e+00
-4.377990512943581991e-01,-5.302960661656668240e-01,-4.086145564889656634e-01,-3.124576623743031134e-01,6.154306777606746159e-01,-6.183541818436915083e-01,2.615383606578204900e-01,-9.487818520059191352e-01,-9.242146315249583077e-01,7.099721635761553629e-02,-1.840886848959247812e-01,-8.198233768621812079e-01,-5.655263275307187421e-02,-1.846217190564199973e-01,1.000000000000000000e+00
2.803829573837108291e-01,1.081638746482634778e-01,-4.852531773969036982e-02,-2.392862610434413340e-01,-3.065851024239129585e-01,-9.560207863454370791e-01,-1.364086441345780276e+00,-4.348323330832505884e-01,-2.501646813283778803e-01,-3.954226085285866277e-01,5.103198651296290134e-01,-7.286634054251747150e-01,-4.966191219219615038e-01,-8.442802869597375581e-01,1.000000000000000000e+00
1.662374436001228806e-01,4.645943133897476596e-01,-5.601774127682945803e-01,4.296129164789027621e-01,-1.359909492770839112e-01,2.545593362454964814e-01,-5.258672310382500603e-01,-1.080100797806383961e-01,-2.091240663125148724e-01,-1.332929895993792691e-01,-3.080402095973646115e-01,1.038339728927415023e-01,8.669168125064827812e-01,-5.517544641231090230e-01,2.000000000000000000e+00
-8.490905552251367672e-01,-6.332390006377967007e-01,-7.754031809136365805e-01,-1.136566985788209028e+00,-5.065895385998611666e-02,-8.892600856260861608e-01,-6.770471893438697597e-01,-4.175160358446656783e-01,-6.125059226956036662e-01,-3.846749855698871068e-01,-1.131926347633986696e+00,-1.547361010206230292e+00,-6.206461202085329365e-01,-8.478840483272426232e-01,1.000000000000000000e+00
-3.583729480877792528e-01,-9.570264880822350051e-01,5.623731202512982641e-01,1.789285403636521554e+00,-3.686680232984267391e-01,5.728960994415761565e-01,1.015040317662249780e+00,-1.171992470059317171e+00,1.866633858747042574e+00,-4.812224408679782739e-01,7.860411252673933369e-01,-5.030077415930540585e-01,1.674960611717070336e+00,-7.000447334247286157e-01,1.000000000000000000e+00
3.687517747413712743e-01,-4.634695996644253579e-01,4.462923693129466907e-01,6.310141974682749177e-01,4.904742647621120749e-02,1.334950715633501650e+00,1.228114727397256356e+00,-2.414686556609132659e-02,6.516854673615890547e-01,4.369823085216664182e-01,9.927475057113330781e-01,-2.541641477308450581e-01,-2.611246892953433818e-02,-4.631262758083184439e-01,1.000000000000000000e+00
-1.652743785720194758e+00,-5.911096797008330572e-01,-1.171008864692178353e+00,-6.836525672960247491e-01,-8.669476935342590451e-01,-1.772380033173703573e-01,-2.274183186397172873e-01,-1.630799676757878958e+00,-7.818723472184222478e-01,-1.929979449942149428e+00,-5.620780763624921850e-01,-7.331242935094828272e-01,-1.087976506865356408e+00,-5.615286933935238478e-01,1.000000000000000000e+00
-1.064605788536809872e-01,-2.281573231784012612e-01,-8.304272111423549596e-01,-1.602849593892136770e+00,-3.223237575842208269e-01,-5.832114743516512156e-01,-6.608417297726844331e-02,2.150170926090033130e-01,-2.696190606072220719e-01,-6.772478156373873404e-01,-3.732281472260023936e-01,-1.069431425611962805e+00,-7.805960157521714127e-01,-9.404728588520726296e-02,2.000000000000000000e+00
2.926156235765842162e-01,2.795096370964138544e-01,-3.777385169973841439e-01,-1.076133861779402956e+00,2.349423076238650876e-01,-1.467186449060022269e-01,2.639184990258454377e-02,5.845392195017886650e-01,1.187613021219915271e-01,7.766093628785505909e-02,-1.166567940490989136e-01,-1.468570870191202304e-01,-5.417243924482952888e-01,1.461949822532494503e-01,1.000000000000000000e+00
2.228281059564158131e-02,-1.247956208962435615e-01,-1.563038917599002930e+00,-3.902950050991332853e-01,-6.611323183547558602e-02,-1.060599178777298368e+00,-2.012172024186571928e+00,-1.408158212798392706e+00,-1.645309472749528767e+00,-1.541386069856457396e-02,-1.982768530136114871e+00,-2.530447534184238623e-01,-7.015675472531878176e-01,-9.338677381071606165e-01,1.000000000000000000e+00
-3.284956372521670720e-01,-7.546748822356665887e-01,-8.097382459607415095e-01,-1.114333459361058321e+00,-9.340585577539037843e-01,-8.521135323837902842e-01,-1.124494237870761859e+00,-5.708198330125576758e-01,-1.147887566756712774e+00,-5.272144132823026741e-01,-1.268458715022083183e+00,-6.810936659133730586e-01,-1.555279637289959105e+00,-1.060800544518417876e+00,1.000000000000000000e+00
1.016358408944351144e-01,2.186520429387779907e-01,2.347180142749487053e-01,-6.356836343039933279e-01,4.512971685454332249e-01,1.289197869537085372e-01,-4.708417320876848167e-01,4.027107080355694091e-01,9.639169074029299566e-03,-1.095967980441139522e+00,-3.066566567801858323e-01,-8.938583504284956793e-02,6.333464004339052489e-02,-1.396661215891333574e-01,1.000000000000000000e+00
-9.285156622116452763e-01,2.837261466220782347e-01,3.553760744267805416e-01,-5.460017889619813714e-01,1.058063344193792554e+00,-1.063458615938726592e-01,-5.949750807382545581e-01,-4.504006816717972539e-01,-7.429332942199051715e-01,9.335309118234950132e-01,1.363100890572492008e-01,1.154201737844105097e-02,1.178717062015980227e-01,-1.927303513231489740e-01,1.000000000000000000e+00
-1.634700334198818383e-01,-1.033471083861402073e+00,-1.123300934016770336e+00,-1.221713153802093332e+00,-9.872940469720445367e-02,-1.074312281582809336e-01,-3.486951737630321069e-01,-3.896287117218892593e-02,2.485723440820372943e-01,-5.498774740517915482e-01,-1.281339369623483160e-01,-7.932065553577615225e-01,-8.709606887122993690e-01,-2.797982776682581552e-01,1.000000000000000000e+00
1.521967265140383940e+00,2.374695897709764747e+00,1.573761598768871339e+00,5.718118262220222014e-01,1.205799636042586664e+00,2.685633110441879023e-01,1.218055783948746695e+00,1.530709774406266099e+00,1.242095684695355695e+00,2.865624838469277069e+00,1.101351751363159215e+00,1.731544294221141866e+00,1.457265242337563382e+00,2.896369906669363115e+00,1.000000000000000000e+00
7.624953459606429451e-01,8.076427594509947294e-01,1.003421082306429568e+00,-1.916869855537024492e-01,7.614578960727924617e-01,6.239745433097892979e-01,1.267028612785749964e+00,1.703698375493059469e+00,6.945411571536564965e-01,3.851402453620445532e-01,1.003589655856564233e+00,2.292613237431328221e-01,6.044645344323243963e-01,7.891446498383920538e-01,1.000000000000000000e+00
2.151729698719098138e-01,5.726102531110405236e-01,8.115084322982250020e-01,1.517878753979640671e-01,1.766209294151492193e+00,1.073630303878901682e+00,1.024533325764600322e+00,2.968389521223079863e-01,9.216542614156915114e-01,3.186358226166844387e-01,6.919129896734821372e-01,3.666303508288260571e-01,9.439813297910720769e-01,1.103545073911984531e+00,1.000000000000000000e+00
-7.358157725153534612e-01,-1.102470888193860105e-01,-1.145225192019036387e+00,5.144703748878686200e-01,2.261672614904219197e-02,-1.041116063190573371e+00,4.733040295471847014e-01,-9.310723595742196323e-01,-8.275866953614855470e-01,-1.174406082415389463e+00,-2.331191689733430883e-01,-1.178028352654091115e+00,-6.986452735146748694e-01,-9.119093981969013107e-01,1.000000000000000000e+00
1.606497191899446397e-01,4.280177103215636603e-01,1.506929006071617616e+00,2.846403418078894410e-01,-6.060385727303563286e-01,9.872274989011828872e-01,7.859823704189561333e-01,7.073145262329780802e-01,-9.273545064069775579e-02,-2.821350066167914727e-01,2.248015979184565527e+00,-2.887787965136006663e-01,6.703448691791643599e-01,5.289397655073276860e-01,2.000000000000000000e+00
-4.348664489938592337e-01,9.915455960143224612e-01,-5.650884962262012756e-01,1.893388757052620441e+00,-2.047568143939915597e+00,5.609747351020735184e-01,3.353980105805314804e-01,-5.785573340970713296e-01,-8.323464482663099906e-01,-1.577643711846625996e+00,-3.328939007814168960e-01,2.162665672960507601e-01,-8.726298496979325581e-01,-2.663154536425069718e-01,2.000000000000000000e+00
1.738238446880750576e+00,1.086502141167697388e+00,1.176263359408071141e+00,1.642010054712741418e+00,7.232421712513179557e-01,2.097229544322367190e+00,1.600927290953150672e+00,1.194275801984496566e+00,2.574578936298251852e-01,-8.270753482510029286e-02,4.640632705689359816e-01,1.835491886951343465e+00,9.180408949417271369e-01,1.471749928083108339e+00,2.000000000000000000e+00
5.828909117409842855e-01,5.383054495175187970e-01,6.359239626304353799e-01,5.560114135561453619e-01,-1.187281100896976804e+00,2.990282104423884757e-01,7.323096257257222241e-01,1.032017116793212397e+00,-3.347787851756607314e-01,-4.428187993118488652e-01,2.841757665762829066e-01,2.959759002609837486e-01,-2.567789393942073728e-01,5.638101348215694975e-01,2.000000000000000000e+00
-2.986038099217383390e+00,-3.429142136435291199e+00,-2.332413624698831622e+00,-2.279077455449888490e+00,-1.036446567952979292e+00,-2.497124189946982042e+00,-2.314997819901742471e+00,-2.888500471777740497e+00,-2.872467763528795626e+00,-2.134510473255833318e+00,-2.911679910867916554e+00,-3.055638582343123133e+00,-2.658069563992043527e+00,-3.004555699244175759e+00,1.000000000000000000e+00
3.731292162353677666e-01,1.485677401977284706e+00,-2.421111266107527082e-02,-9.247609800373324251e-01,6.063771387510099586e-01,-2.440207716667738835e-01,-7.954176995572228570e-01,5.277502850594841810e-01,8.958567776773883606e-01,4.488786086662958641e-01,-1.673640926686745245e-01,3.182659093540856632e-01,1.551295724475125204e-01,-3.064845542209966300e-01,2.000000000000000000e+00
-1.659047945597365847e-01,-7.506677900257843206e-01,-6.900805792011601714e-01,-1.579519534912971590e+00,-2.271374712658681183e+00,-8.870033489588355913e-01,-2.233798928529084016e+00,2.166350271039695907e-01,-1.434380075554451350e+00,-1.512545548923672323e+00,-1.205998711732640727e+00,-7.251460932507586277e-01,-1.328679786043621025e+00,-7.539525799808317608e-01,2.000000000000000000e+00
-2.546143580787356697e-01,-1.753341554717674777e-01,2.247821986998096988e-02,1.312502910630819919e+00,-2.937384570177372645e-01,-4.198800921759200944e-01,8.820820649693008608e-01,-1.030046204231292784e+00,8.028780608404562091e-02,2.971471761213172469e-01,-2.394258437802279649e-01,-8.586685412764738512e-02,-5.884834884186740389e-01,1.010075681558249006e-01,1.000000000000000000e+00
3.019902786743549061e-01,-6.378388909363819081e-02,-6.247006250561863983e-01,5.585150813146489979e-01,-7.273387104798105796e-01,-5.585830833501070902e-01,-8.188952692405098155e-01,-1.288604718207065236e+00,7.309738271360559370e-02,-4.935349575120835386e-01,-1.098752995255945386e+00,-5.706346172419810570e-01,-1.301153328289383904e-02,-1.299181687046555123e+00,1.000000000000000000e+00
-1.928418952736715264e+00,-1.312940871603809345e+00,-1.741757903768919480e+00,-2.068211574055082380e+00,2.049367383659757638e-02,-1.942860158117812652e+00,-2.162527476758474343e+00,-7.514666079598553150e-01,-4.972509933256028525e-01,-3.934607756127933564e-01,-1.444942375653009980e+00,-7.143859856014257437e-01,-1.152170372464120351e+00,-1.571451484499941431e+00,2.000000000000000000e+00
2.136991669557422591e-01,2.460226588931670455e-01,8.629384908869967008e-01,-1.381190916461548568e+00,-2.068120234286831838e-01,-7.447495833702254542e-01,-1.340567535644708874e+00,5.418415944712180465e-01,-5.553709220421322312e-01,5.802229173708731702e-01,4.152218745261533894e-01,1.592236256746714318e+00,-9.558837511765738704e-02,1.071006562608027846e+00,2.000000000000000000e+00
-2.941471480001000005e-01,-3.063675484691550516e-02,-7.653796279428028981e-01,-1.492569629795929831e-01,-1.927649985037733105e+00,-6.558102155889720952e-03,-3.346373617365621667e-01,-4.655300374401220020e-01,-3.158116390920887029e-01,-1.607591371373096489e+00,-2.451949388237094629e-01,-3.545870114216431723e-01,-7.420281475196535137e-01,-3.817854914439844927e-01,1.000000000000000000e+00
9.129749269929500199e-01,1.344728099602090221e-01,1.900330742169673015e-01,-9.811282406980123549e-02,-5.586240303257049566e-01,6.176312185989486503e-01,-9.086343339892025139e-02,1.123057349443922437e+00,8.872838898880548719e-02,1.115379953262573443e+00,3.232053815598589508e-01,3.260803644582346283e-01,-2.924249750729323583e-01,2.201858233572376866e-01,1.000000000000000000e+00
-3.322308031037666254e-01,5.481507011212223279e-01,7.758732193963866486e-01,1.619804842918620480e+00,-1.378703991514119709e+00,-5.884662239184488275e-01,2.048171954727212030e-01,-7.095697664378494141e-01,1.770730457513565170e-01,1.632700531757348139e-01,1.882979263862916142e-01,-3.016734586025259790e-01,5.496127777805709380e-01,-3.464961590130934410e-01,1.000000000000000000e+00
1.187657647015552431e+00,1.648671035541059982e-01,1.013005636150908106e+00,6.807773018756152483e-01,4.642485905067835206e-01,1.274019541167753955e+00,1.248651430622345515e+00,8.090283069744751421e-01,1.196950057857319338e+00,9.125253875355456845e-01,1.170344979060578217e+00,1.492978164459607626e+00,2.687032923843362675e-01,8.255137681006126105e-01,1.000000000000000000e+00
-4.239553081937129653e-01,-1.178696856566733508e+00,-7.500952562604088492e-01,-8.150019065086941961e-01,-1.080521501616356073e+00,-3.453529254935900905e-01,1.815940871854615224e-01,-1.283034479359018487e+00,-7.121091353738677743e-01,-2.193431564740895290e+00,-6.759660529193056711e-01,-5.360975621746137953e-01,-1.477470631801957257e+00,-3.996773489210834196e-01,1.000000000000000000e+00
-5.312869501674019057e-01,3.846194604872832379e-01,-5.788808491720337512e-01,7.001021760712043962e-01,-1.841929956896558862e-01,-1.188221166773467452e+00,-1.111618767270955654e+00,-6.077150837231747316e-01,-1.383045867080162916e-01,-2.877704884276903741e-01,-8.242622331047009254e-01,-3.502977284351992959e-01,5.949985149212251301e-01,-1.037288416647564215e+00,1.000000000000000000e+00
-5.793151757109262778e-01,-2.036315639417374951e-02,4.469622478397304310e-01,3.365702505513940013e-01,-1.673370721150731488e-01,-1.436194092473678463e+00,-5.875528499887272549e-01,-1.146056677767118392e+00,-6.942832257399775830e-01,-2.895585784474244972e-01,-1.042182726769648404e+00,-5.645958881298609455e-01,-5.921575036409842951e-01,-8.684780542461696395e-01,1.000000000000000000e+00
-6.756371933047000677e-01,-8.100157501113489644e-01,3.613899333860032814e-01,-1.309521882077160138e+00,-1.161398668978635307e+00,-1.199380672568533202e+00,-7.919837734466532719e-01,4.217728006592184886e-02,-2.887968027359906209e-01,4.397663463980357457e-01,-3.556278354868930291e-01,-6.195254597166806043e-01,-8.309667447280923991e-01,-9.605495937509193061e-01,2.000000000000000000e+00
3.515335683251663568e-01,-5.062060599348242595e-01,-3.323941402140919155e-01,-3.602170822496716940e-01,6.391592187034073058e-01,4.719346296273321806e-01,-3.808320172432643758e-01,3.264996157705204460e-01,-4.224655562688413579e-01,3.983319415662035096e-02,1.185645885312937992e-01,-4.726002140406890262e-01,-8.385313747897331638e-01,-1.784284384801382017e-01,1.000000000000000000e+00
3.298429073490891095e-01,4.589440481255166460e-01,1.563782737236854015e+00,-4.821080642134441541e-01,-1.743153197809230726e-01,2.934692494420709785e-02,7.004465952585600119e-01,-3.802927387137306492e-01,-5.522331886319553629e-01,-4.434400949153587401e-01,6.301556885652890294e-01,6.576102284398822606e-01,-1.944276606291664988e-01,8.918246870533526049e-01,1.000000000000000000e+00
-5.540376082043646511e-01,-7.685807548437804115e-01,-4.856672206621648336e-01,1.141229168016621331e+00,-5.374664081524693771e-01,-3.564444097928940597e-02,-8.961740244632890318e-02,-9.972972901516377053e-01,-5.083061737483940412e-01,-6.431647956088970552e-01,-2.788526367045032206e-01,4.472427106820936818e-03,1.129828029979008441e+00,-4.442183119583315021e-01,1.000000000000000000e+00
-2.493902123835280982e+00,-1.397066935483897598e+00,-1.241956920032304179e+00,1.086327706233375157e+00,8.367362550398520504e-01,-3.944318484993956098e-01,1.600391513212209293e-01,-2.063150258807601833e+00,-1.009102237317734074e+00,-1.164636253617650663e+00,-1.270707394927730993e+00,-1.429431356438037426e+00,-1.948866723968460946e-01,-1.506192422746831960e+00,1.000000000000000000e+00
3.335933982395093977e-01,-1.093206329955508149e+00,-7.007776070393807455e-01,-1.052946132228258280e+00,-3.062684837550035399e-01,9.403613507524066772e-01,5.235820948605196534e-01,-5.936269535814814313e-02,-4.044367164009724513e-01,-1.061544443797702630e+00,-2.283419547573098049e-02,-6.079840644883210965e-01,-1.340271745355957833e+00,-2.353053633718868443e-02,1.000000000000000000e+00
2.017422708708571655e-02,-2.010407305181060034e-01,3.028957105963810403e-01,1.533889700322894400e+00,7.108229862712091007e-01,-9.130488162616584580e-01,2.589521028805434888e-01,-3.602056020632059541e-01,-1.804737676766549614e-01,8.248150120394109885e-01,1.465131894566455539e+00,-4.138046504925147612e-02,1.655837363147550090e-01,-2.608728262698972733e-01,1.000000000000000000e+00
3.731424908658207418e-01,-5.728705003133091056e-01,5.520996288364563576e-01,-7.982669208286599094e-01,-1.257389727769136822e+00,-4.558685040970190117e-01,-3.765862853956118972e-01,3.469812280221887812e-01,-5.431002664452149187e-01,-5.894614516349306887e-01,1.701185817368741360e-01,2.564453613312207558e-01,-1.041167861603748523e+00,-3.027537127054373556e-02,1.000000000000000000e+00
9.571813042506228941e-02,2.707019460461422278e-01,1.703261173517714444e-01,1.395577083189880829e+00,2.276084503942618742e+00,-1.965193996431256751e-01,9.084619963415501154e-01,-2.940149525979639522e-01,1.487784667818231821e+00,1.673273059198411961e+00,2.712232848807507590e-01,3.266859653398958563e-01,2.456023456212672595e+00,9.456439421849041627e-02,1.000000000000000000e+00
-3.160982822233665002e-01,2.434314644569985850e-02,-1.722866704538902061e-01,-9.984750590038234952e-01,-7.336195172206466664e-02,-5.256910819266312485e-02,-7.839239894673766251e-02,-7.172353660848362900e-02,-6.094665023879561883e-01,-4.471790912952366970e-01,-1.074718277774893843e-01,6.166442835637435671e-01,-5.543889066679408284e-01,1.029790593853193714e-01,1.000000000000000000e+00
-1.033410858790639653e+00,-4.213854809273171464e-01,-6.325039073870266648e-01,6.095494717198388646e-01,-1.096570008910592975e+00,-9.226686210958882084e-01,-1.477620606603620157e+00,-1.088336203653409662e+00,-6.334704393544711154e-01,-7.247679533334872026e-01,-1.076872649268377780e+00,-9.571672440571596385e-02,-5.043965525784520620e-01,-9.586041739219300917e-01,1.000000000000000000e+00
-2.749418808535837866e-01,-1.524274305564894127e-01,-2.100129516574769928e-01,-6.685337867104255150e-01,-1.024694403069470017e+00,-8.332596557607132581e-01,-8.463023695601930019e-01,-2.738863405943406937e-01,-7.756154602306482015e-01,-3.261228055817432248e-01,-6.158535678575902672e-01,-2.945713416478861202e-01,-7.055414814571926430e-01,-7.724101817312412077e-01,2.000000000000000000e+00
1.774846034049461507e-01,-3.080008537363188581e-01,-6.755982191589671171e-02,-5.318863392021215830e-01,7.894818335739313131e-01,-2.977328037495758362e-01,2.689200881209385940e-01,6.323757780387564420e-01,8.796623286628533211e-01,1.178798040961353211e+00,-3.852402966196471490e-01,4.914383198435318123e-03,4.752664520807277082e-01,8.598897177046231910e-01,2.000000000000000000e+00
-1.421294572171966641e-01,5.427866119155830837e-01,-1.292593657395279538e-01,-1.299512465318727050e-01,1.716055222808674063e+00,4.951792030621415819e-01,-4.514558126313843178e-02,-3.981487909339181258e-02,6.046007432411694138e-01,1.098089326464120719e+00,1.826461005924855663e-01,9.519509118001964199e-01,2.633514932443510315e-01,2.822297100846414275e-01,1.000000000000000000e+00
9.964198002947594057e-01,1.077729699167961908e+00,4.473369405485455030e-01,-9.212909166789545745e-02,8.457922062747745828e-01,4.603403155665689583e-01,5.918105634064957377e-01,1.283547374786940809e+00,1.086217511073882092e+00,-4.248554203308183563e-01,6.414493562785925640e-01,9.475797106025778405e-01,1.413067056566278179e+00,1.434751286224427158e+00,2.000000000000000000e+00
4.274132119220681592e-01,-3.870419771134027132e-01,-5.205245981253847631e-01,4.737984432536501700e-02,-6.155347510903835806e-01,5.303813720141705712e-01,8.099784645238948810e-01,-5.613256582418969798e-02,1.835018583135753500e-01,7.225374964474468031e-02,5.925740304730233721e-01,-1.458388925150313487e-01,5.783536820940607948e-01,1.613304951628554557e-02,1.000000000000000000e+00
-5.066074671759963621e-01,-6.484371335329385255e-01,-4.638878925500227179e-01,-9.519154228259942840e-01,2.565312685540212523e-01,1.995095530582601528e-01,-1.685246224437114693e-01,5.337767693746364728e-01,-4.819267626867425047e-01,-2.635133912292836333e-03,-5.481630416454094101e-01,-5.291548904633861516e-01,-2.320047412298847922e-01,-1.631412613706811898e-02,1.000000000000000000e+00
3.230011850846197241e-01,9.286520956438026886e-02,6.262822929685096796e-02,-2.568345150182097525e-01,-3.556560822720720161e-01,4.886824914101411954e-01,9.639105894855658496e-01,8.080574962097175629e-01,-1.851643684672839019e-01,-5.981148841287012852e-01,4.144159668267108354e-01,-7.199768411588740313e-02,-5.821822486909832006e-02,4.850489853116630723e-01,2.000000000000000000e+00
-1.273066018548834055e-01,-5.770576594390373210e-02,1.852155442572293864e-01,-1.946004191407911532e-01,-7.049198620474969590e-03,3.760389184059867995e-01,-2.928299059919923786e-01,-4.480485192061304245e-01,5.489432808178694723e-01,7.814446738398335146e-01,2.935074369985020692e-01,3.252964592496657148e-01,4.166235120196982999e-02,-3.250871708156131135e-01,2.000000000000000000e+00
-2.403162885642978475e-01,3.479340939452431058e-01,-7.210153356994282170e-01,2.659555265484447525e-02,2.644749063895572849e-01,-2.639948018414537412e-01,-2.941577088637660764e-01,-8.811945687433046792e-02,3.830676041382797825e-01,1.101781335918565752e+00,2.283713723257231043e-01,2.172287666135877815e-01,-4.471675734822831705e-02,3.569760218819290759e-02,1.000000000000000000e+00
-5.491872060987490478e-01,-1.251703780518205411e+00,1.541403255542820039e-01,-7.669045154485869542e-01,-1.320366004665568971e+00,-1.985743428695603274e-01,6.408988155590318592e-02,-1.107941776269247391e+00,-7.457895093186922564e-01,-9.184784920054622770e-01,-7.669495881768791934e-01,-1.149885546401821168e+00,-7.140489285596727242e-01,-9.892540078335461118e-01,1.000000000000000000e+00
-7.563733356979712719e-02,1.169274586202920935e-01,-4.239617477960023195e-01,5.069597482810576095e-01,-3.626959164933890034e-01,5.895391211476265214e-01,-4.424319412770351678e-01,7.736594684965877322e-01,3.164953675546564038e-01,6.080430820360650523e-01,1.968601988624969074e-02,-1.594431862012496981e-01,7.879003149554680840e-01,7.756907095142121997e-03,2.000000000000000000e+00
3.643451855649267879e-01,-2.701507116443453982e-01,7.884559028396006530e-01,3.388797224450814660e-01,-1.407928778374583967e+00,-1.159909387287194615e-01,2.373849502674452716e-01,4.501584802465261048e-01,-1.600162101949576532e-01,-3.580488404904141886e-01,8.177410851579788309e-01,6.755845842493416464e-01,5.278170848935074266e-01,1.101804521644513146e+00,1.000000000000000000e+00
-2.701520541141841036e+00,-2.061494262207753003e+00,-2.429748680744010958e+00,-2.708927958322039142e+00,-1.496825368329366635e+00,-3.129244711305203985e+00,-2.193455973810235715e+00,-1.563978715306169720e+00,-2.174905519238027052e-01,-8.090979976469391266e-01,-1.795037301035884436e+00,-1.314270439642721833e+00,-1.245296175631829705e+00,-1.386410086454828550e+00,1.000000000000000000e+00
1.000086124911444413e-01,5.047737713914968172e-01,7.411114169069890067e-01,-1.267317224750753868e-01,1.799194323480444835e+00,-2.701085592892275844e-03,3.459077759956748488e-01,1.332649144026821553e+00,6.337318743543700617e-01,3.547305812467163033e-01,5.402201978602714227e-01,-1.683773378484868660e-02,7.820757120374512983e-01,1.027588138971097687e+00,2.000000000000000000e+00
2.115810617601158461e-01,1.159667571725163437e+00,1.783796168663854820e+00,3.755326705553626021e-01,8.228595241760319201e-01,6.007681046072442799e-01,1.187177799177131510e+00,9.057955058084931066e-01,7.699244192834615585e-01,8.047191274001987971e-01,7.095521139598818250e-01,6.546862638449858496e-01,1.202418485861156849e+00,6.883237277634813855e-01,2.000000000000000000e+00
1.622755577278774508e+00,1.048840982899458707e+00,1.326962948858316782e+00,6.698666123831487074e-01,5.033836588733866524e-01,8.412398029095891072e-01,1.379313884510674937e+00,1.105438186629441155e+00,1.301059692828390180e+00,1.957300713779430990e-01,9.625055415661819547e-01,9.741513076030899887e-01,9.065452032766631030e-01,1.003810158660709329e+00,1.000000000000000000e+00
3.993479912733847725e-01,2.559726209792884122e-02,8.256692928351778704e-01,8.992032390737545455e-01,5.079274817519766616e-01,5.921468813891398453e-01,6.941259404231001628e-01,5.476445595736638694e-01,9.671991548369786029e-01,9.917292436159773628e-01,1.723060179822687998e-01,4.290194172344056200e-01,1.324379189436376780e+00,3.993367125774637261e-01,2.000000000000000000e+00
-9.290752770165140451e-01,-9.877974910887432625e-01,-8.896234892255038273e-01,-3.241127433329490382e-01,-1.334370264074626888e+00,-1.098167189415846678e+00,-7.796411172998174433e-01,-8.014693166469726293e-01,-3.952947344625017401e-01,-1.258156885739132314e+00,-5.229495082478622381e-01,-1.251153965781603539e+00,-3.671343834249001792e-01,-1.379439983055569474e+00,1.000000000000000000e+00
7.578688359114560402e-01,7.319789593793747384e-01,8.465163585696767745e-01,4.953232816142645323e-01,6.362376112749528190e-01,9.320527454901675890e-01,1.748055233956813947e-01,6.733979316664027159e-01,1.359104039683284859e-01,-2.935851841910345206e-01,5.895468252349729266e-01,6.709503543518301472e-01,1.438053738014999361e-01,3.677976094178322941e-01,2.000000000000000000e+00
-2.956590777474352727e-01,-1.940419101783242839e-01,-5.950567417023878702e-01,-1.725455161504121926e-02,-8.557275314505754515e-01,-6.400960985462904596e-01,-1.040280951547440047e+00,-3.049655776523609862e-01,-4.513449744622791138e-01,-4.368041642991256635e-01,-6.512879528314415856e-01,-6.803204937925219631e-02,-6.418736048018290896e-01,-6.000524786042760184e-01,2.000000000000000000e+00
4.473341446290782786e-01,7.433584771943476666e-01,-2.789776856758913737e-01,-1.292062796945237235e-01,-2.613674284943608428e-01,7.701315058435472816e-01,4.955075781722766415e-01,9.663124288346083279e-01,4.457318854844014022e-01,9.542790064397516092e-02,3.732348166343509299e-01,1.602065063766801994e-02,4.041529878507668649e-02,6.213927611130702910e-01,2.000000000000000000e+00
-1.073253747387598933e+00,-1.064367241992642876e+00,-8.798310290218586127e-01,-1.931691205363509078e-01,-6.252867008695418560e-01,-5.793191468475866746e-01,-1.000720606586886330e+00,-1.281619995654453836e+00,-1.020301192557231396e+00,-1.005201743688971527e+00,-1.558043902636589539e+00,-4.307216753022088951e-01,-1.297446977239253618e+00,-1.083967557808899862e+00,1.000000000000000000e+00
-2.918470316507690843e-01,-4.390807775607994401e-01,6.331046768700665517e-02,-9.726668007923316983e-02,-7.195068705553804289e-01,-4.576618660734307897e-02,-5.754595661216270752e-01,-5.386113424905554226e-01,-6.521661905941193993e-01,-2.147677090533734734e-01,-6.855641235735261407e-01,-4.022506511460505196e-02,9.975404959893796608e-02,-4.772233142387208304e-01,1.000000000000000000e+00
-3.970488983627206703e-01,9.154273695074877093e-02,-1.700086958642797741e-01,-5.357397389739861904e-01,1.606824016178325154e+00,-1.733242778636733261e-01,-1.537112453523912792e-01,8.868559306259762853e-02,1.343785352951326062e-01,1.363740242785235868e+00,-2.482421926595862194e-01,-1.492577893690552049e-01,-2.644036067919575128e-01,-2.147289841498729590e-01,1.000000000000000000e+00
-5.187013864220885173e-01,-3.453363963602728015e-01,-4.873745364413570869e-01,-7.831440680410447497e-01,6.565678272131237891e-01,1.795365731529696973e-01,-5.608231483261998107e-02,-4.284980000458235572e-01,1.650347958416141236e-01,-3.800780235333338641e-01,3.724239064519957454e-01,-2.533810205841874330e-01,-5.690657724858535493e-01,-1.826651058625348711e-01,2.000000000000000000e+00
-5.900748052590962800e-01,1.176010760059029159e-01,-7.420999068400193632e-01,9.740894063196021690e-01,5.166904838811993139e-01,1.143914160513964440e+00,1.759862196446938254e-01,-9.726613511466208895e-01,-2.801772143498184597e-01,9.115575018265879015e-01,-6.016674346248501726e-01,-5.403336403568985702e-01,5.455303930035236837e-01,-1.800774409910866680e+00,1.000000000000000000e+00
-7.768093896620051897e-01,1.187722695193304201e+00,2.327010722520692354e-01,-2.642548149102282307e-01,-9.439022138216072166e-01,4.632956217618333650e-01,8.361667438493876059e-01,4.960174861520564304e-01,2.587991366526146697e-01,-5.888136908807781733e-01,1.006335509643606491e-01,-4.831437176717364723e-01,-7.919419406879849577e-01,-1.219136375939614547e-01,2.000000000000000000e+00
-7.537297207889948059e-02,-6.144889234285325630e-01,-2.899145188346888835e-01,-2.154733165033475006e-01,7.954919244438436454e-01,2.313828982765882558e-01,-6.910666880371993948e-01,-2.723888423971668193e-01,-3.300633144737182834e-01,3.508990534373085390e-01,-3.590186397518304595e-01,-5.777307889029167365e-01,-1.306095722766331457e+00,-7.072958982221593249e-01,1.000000000000000000e+00
3.867869464153541048e-01,-6.851225276559077537e-01,-3.635513700246739699e-01,2.738535112447335051e-01,6.028621397817450767e-01,3.735039977226026209e-02,6.512988247153368437e-01,-9.401248527683606637e-01,4.056260785483161158e-01,4.779690581714295394e-01,2.207296188648860402e-01,-2.561242467858266258e-01,1.196631246996388231e+00,-6.776710900197749909e-01,2.000000000000000000e+00
-7.398692606011101347e-01,3.380325444801339785e-01,-4.167469353460863113e-01,-1.035557440941924590e+00,1.500447818919452558e+00,-1.861069713443239015e+00,-1.206938282610110713e+00,-3.980748839523903793e-01,-3.933625197677500518e-01,1.109419224028767914e+00,-1.323829721077231625e+00,-9.925640075244844818e-01,-6.000725729724715185e-01,-3.290132012509310866e-01,2.000000000000000000e+00
5.135367851393191074e-01,2.456395040797734186e-01,1.531356512756883448e-01,-1.476823144637208651e+00,6.767771604716086298e-01,-3.147346285943911082e-02,6.337580191176066524e-01,6.073751556884455782e-01,5.545255474508906102e-02,1.955233541353180171e-01,-6.459039037471486777e-02,5.093095234136124638e-01,3.523438771029346883e-01,2.285243126989472184e+00,2.000000000000000000e+00
1.018083095065959842e+00,7.853941502479047099e-01,-3.167709694363591844e-01,2.438919147344703331e-01,7.713595835690566505e-01,-5.311433941221748167e-01,3.583773019246702107e-01,9.970378207280436444e-02,-1.537351417982876223e-01,3.004193100055634336e-01,-2.224836815748620078e-01,9.669838595206953213e-04,4.072490000616496575e-01,3.422775114242876948e-01,1.000000000000000000e+00
-9.574735563441812980e-01,-4.654141695302741466e-01,-1.064702596954994807e+00,-4.667001621431097758e-01,8.219205090420703685e-01,-9.030144725532547323e-01,-6.789050357305681516e-01,-5.534005643509469774e-01,4.309271741360942154e-01,2.800750697563638147e-01,-4.133282251683263464e-01,-6.560065598328809200e-01,-4.562191584776930098e-01,-1.794106119553685819e+00,2.000000000000000000e+00
4.922643530212154062e-01,4.149762732347112015e-01,5.405504591949623627e-01,-7.346112207981111419e-01,-1.791036325709391308e+00,-1.863975269174625637e+00,-5.143751229385342683e-01,4.562913836154348646e-01,1.323778236249759099e-01,-1.242281521138675959e+00,-3.542004094626287625e-01,4.158517438398995347e-01,-4.967015719027994547e-01,4.585455659310905818e-01,2.000000000000000000e+00
-2.313165670285378894e+00,-9.645505188155999443e-01,-1.417340984324273245e+00,-8.876428547084616039e-01,1.914222841873096104e-01,-1.678135205106763284e+00,-5.807566534695336458e-01,-8.459221590572983951e-01,4.230222003805143016e-01,-8.055217014901816519e-01,-5.580396195821373251e-01,-5.610472858547891351e-01,-4.414572217547876321e-01,-1.038978720939019107e+00,1.000000000000000000e+00
-7.925483135229769438e-01,2.391179683984247240e-01,-1.566349912511564746e+00,-7.343220029778253499e-01,-9.481786847177209321e-02,-1.156485548252446094e+00,-1.699896901388274317e+00,-1.472179123972923165e+00,-1.108697896009933181e+00,-5.238195385330814968e-01,-1.752295395215300200e+00,1.327793640483952708e-01,2.600872454811300472e-01,-1.035590391547849265e+00,1.000000000000000000e+00
7.551776698773154939e-01,1.439162489391744015e-01,-5.024202722186748016e-01,-7.351975814685079991e-01,-2.165523701923609268e-01,4.139357275372742423e-02,1.598480040866620544e-01,2.522847869986286073e-01,-1.316330909309598063e+00,-1.607368643408897402e-01,-1.028056710822500941e+00,-4.541640206259557888e-01,-1.197616353819315860e+00,-6.152050360113046068e-01,1.000000000000000000e+00
-4.389949593187891241e-01,2.104491229258926011e-01,-3.656967209667872920e-01,-2.942436619773773909e-01,2.143586258408867184e+00,-7.492888568656871362e-01,-8.823562428685963743e-01,3.160959210401255715e-01,9.363734775466870941e-01,3.171289846194100814e+00,-7.763453963612292341e-01,1.183094449229935341e+00,8.638482243509933989e-01,7.820712186286093992e-01,2.000000000000000000e+00
7.085269314164890364e-01,1.268943812619889977e+00,5.217983265891881217e-01,4.653632965256089271e-01,-4.162668241277087816e-02,1.121974019913071885e+00,4.547599916805236120e-01,6.640247150225789818e-01,1.013585125104369128e-01,1.416554762969310377e-02,-5.703921320851097487e-01,-7.114330855072030779e-01,-6.175460533655539180e-02,-2.861671654805839071e-01,1.000000000000000000e+00
7.271168276052399071e-02,-7.256785375527547988e-01,5.106142007510943159e-01,-1.369427059410660785e+00,-7.090025897146237099e-01,-6.195737102315388434e-01,-6.145046666013772585e-01,-2.979825996805448435e-02,-8.795878090304296570e-01,-1.081002059684488703e+00,-1.285247287353918688e+00,1.629567051569609792e-01,5.156692931867674634e-01,1.288681380120847431e+00,1.000000000000000000e+00
-7.195032850025501192e-01,-2.073335467365998719e-01,-1.191262349990265257e+00,-5.495280197610092898e-01,2.454991511980008645e-01,-1.048448535323420527e+00,-1.413857718464267332e+00,-5.045843281828322757e-01,5.149041241010690606e-02,9.195174456481824965e-01,-1.790793874024700916e+00,3.527245897473885727e-01,-1.462135364813822447e+00,-6.414988534050483082e-01,2.000000000000000000e+00
8.250905407377024936e-01,5.253753643811083507e-02,7.919560243317691484e-01,-8.702288758946745695e-01,-4.973917208656261080e-01,-2.617804720734456803e-01,1.020090111066071226e-01,-3.641129821395440169e-01,1.567245670583509720e-01,3.504956182389984409e-01,-4.239919747733231770e-01,7.585967605658038293e-01,-3.690786416527935820e-01,1.148732478622340514e+00,1.000000000000000000e+00
5.067882169030427097e-02,-4.185168832613889722e-01,2.111974187163708772e-01,-2.418174414773138103e+00,-2.074715635204295694e+00,-1.534049935154934818e+00,-1.403665708664752376e+00,4.474850302907155686e-01,-1.701976184475065823e+00,-2.867688997262458628e+00,-9.480736653921748580e-01,1.036740043359538177e+00,-1.172956890486717807e+00,-2.291703823066162660e-01,1.000000000000000000e+00
5.381554857977650652e-01,-5.802231050957342706e-01,2.269383524441959121e-01,5.844175766030041963e-01,-4.921210708800949352e-02,8.060091410017997116e-03,-5.039886219883098484e-01,-9.063752159396000208e-01,3.460363619428519777e-01,1.327991835716983537e+00,-9.138761594613207251e-01,-2.298900144844419069e-01,-2.431018116261110806e-01,-6.148328537034684071e-01,1.000000000000000000e+00
-6.351616681675226195e-01,-7.144023269494047534e-01,5.451951293031439411e-02,6.752918820345654716e-01,1.630983165021051340e+00,5.984342087672980259e-01,1.185699868012271008e+00,-6.692258185838169393e-02,4.395477255521259563e-01,-9.449653243335798258e-01,7.843224199521282580e-01,-4.009811170709649125e-02,3.316446768671852396e-01,1.352319835365024758e+00,2.000000000000000000e+00
-2.051052407495248975e+00,-1.565958093245405802e+00,-2.685109838158568962e+00,-1.646223549685351450e+00,3.729534010641796238e-01,-2.516487078385029275e+00,-2.568454273566812329e+00,-2.007305987239603517e+00,-1.254762113184304528e+00,3.481146850712319996e-01,-2.364427236149815315e+00,-2.234345520637815330e+00,-1.589450644398854529e+00,-2.699413255824340219e+00,2.000000000000000000e+00
-3.242657161612153560e-01,-6.323687124355563682e-01,2.915852406512837655e-02,-8.614793351404714805e-01,2.351136142311128552e+00,-1.626691631104723701e+00,-9.573034994656676178e-01,-5.896220153354088389e-02,-9.843262047928238445e-01,2.070535739067648429e+00,-1.276030715737311638e+00,-1.471596701844778698e-01,6.248388802749211823e-01,9.918090440789016915e-01,2.000000000000000000e+00
-1.898720965535662719e+00,-1.431586470533501299e+00,-4.316025065373707559e-01,-3.016927010478872018e-01,6.206360743003311864e-01,1.197215642072501751e+00,7.102065887508210995e-01,-9.079531513585109570e-02,-1.216941227765210964e+00,-8.987699252960917873e-01,5.981955135080582742e-02,-7.113910723672292602e-02,-1.390029212108675916e+00,-8.776989846404191775e-01,1.000000000000000000e+00
-5.873301609594865080e-02,1.024562601548178131e+00,-4.434984260357116570e-01,-5.972623869302090549e-01,4.959808955875065206e-01,-1.034588058963129775e+00,-8.240641235761508865e-01,-4.238436287203403152e-01,-2.454340213212100608e-01,1.511531184982110920e+00,6.114182708642525998e-01,6.691425097378166376e-01,-4.953209041503509602e-01,6.592217184329884905e-02,1.000000000000000000e+00
-1.778092475375711023e+00,-5.640885530658515945e-01,-8.571556202158594484e-01,-1.854976116935876940e+00,-5.573948704222804196e-01,-1.523903885674547487e+00,-7.386140973385924013e-01,-2.192515116249408536e+00,-1.004342515679393699e+00,-6.809389913559403817e-01,-4.735547812515500388e-01,-3.380641380601373536e-02,3.784399291835298662e-01,4.267436989723604746e-01,1.000000000000000000e+00
1.295206434604575740e+00,-9.506431111166167847e-02,8.794052204777664805e-01,-1.057845360386036049e-01,1.370830365051554534e+00,-1.178208368985499188e+00,-1.332343466635442564e+00,3.077250830761530942e-01,9.672127952703785114e-01,1.518604292047257331e+00,8.756015527816524147e-01,3.762295481874913250e-01,9.856390944468980120e-01,9.260942641636712991e-02,2.000000000000000000e+00
-9.714668529576281353e-01,-4.119229868821039364e-01,-2.082154764889566079e-01,1.758596774987362776e+00,6.012174757329198371e-01,5.234913874383795296e-01,5.697514244553083390e-02,-1.422380890902266160e+00,1.677727403069878553e-01,-4.441794248464619455e-01,-9.944738009992898364e-01,-1.812043628532951922e-01,-1.609409856079869194e-01,-8.390902856246069963e-02,1.000000000000000000e+00
-7.440800981108662837e-01,-6.275002452375733064e-02,3.651913582497980787e-02,-6.599414022362790622e-01,-2.547014225141042698e-01,1.320594461507137996e-01,3.299962028786828094e-01,9.190992422810151385e-02,-2.380240475007051881e-01,6.737214948248897439e-01,-1.528397824302847763e+00,-9.102383120452540721e-01,-7.126210772326941889e-01,-1.016559722184317005e+00,1.000000000000000000e+00
-1.074034471783560374e+00,-7.353689476931266622e-01,-1.575252857623459013e+00,-2.287676220878156919e+00,8.569875880483088793e-01,-1.683954283192102386e+00,-3.240858740694944062e-01,-1.189090175580262754e+00,-3.011104376384310388e-01,6.741103089289027794e-01,-1.653531610391400175e+00,-1.097091048921793766e+00,-4.532321695112738746e-01,5.211525292578826907e-01,2.000000000000000000e+00
2.084650015901581277e-01,1.247206634492125654e-01,6.048520732921633947e-01,4.175330657049826089e-01,3.419926733317088630e+00,-5.767366433007210524e-01,-3.879981558227211247e-01,9.278852214273252130e-01,-2.467377449940941769e-01,5.338590271548173671e-01,1.197324280884413533e-01,4.626890410335346981e-01,-1.001842593235234280e-01,1.432753688793762192e+00,2.000000000000000000e+00
-8.913055248877960191e-02,-1.750039832321855782e+00,3.221589178238494777e-01,-9.961510478055354278e-01,2.608192093730555827e-01,-1.423869835844455922e+00,-2.622552020632980957e-02,-6.935803140007266165e-01,3.745186182072663961e-01,8.120725938290049850e-01,2.364195685184211984e-02,-5.169855478496767631e-01,1.635911710403121111e+00,4.586750137025720764e-01,1.000000000000000000e+00
7.155257296896090358e-01,3.949984325585697564e-01,-1.609534201448524215e-01,-1.432796386605499905e-01,4.546602399851236709e-01,-1.305099299183785644e-01,-5.630985085822567404e-01,3.587322664784874382e-01,9.918528741177424779e-01,1.394336316873706627e+00,-4.171730544729641554e-01,7.142014365853042168e-01,3.502218227136558865e-02,2.665997656207140243e-01,1.000000000000000000e+00
-4.158290073549604227e-01,4.058529846294782195e-01,-1.210480747799373535e+00,-5.493082564372474552e-01,4.659709746761614424e-01,-8.362107978326538404e-01,-1.294646543697673735e+00,7.839764816490403243e-01,-4.734879845451412939e-01,-8.026073136180126300e-01,6.023435415969465856e-01,-7.108897035981499579e-01,-3.163763412070986214e-01,-2.372573416022261683e-01,2.000000000000000000e+00
-1.014690492946463518e+00,-2.214001420726300629e-01,1.092872788943370921e-01,-8.166379133178716110e-01,-4.975045484773725213e-01,-9.306160475824298839e-01,-4.693031596795125271e-01,-1.700389470281416182e+00,-4.263018882412307198e-01,-3.675638652910659387e-01,5.419276324127008104e-01,6.888132552342096648e-01,-1.951379543106878778e+00,-1.315920500339885946e+00,1.000000000000000000e+00
4.565601633163572926e-01,3.533386120497427063e-01,3.772655615015793051e-01,8.921361818448314551e-02,1.346660464445019967e+00,1.279198156610588388e-01,1.577398916911760818e-01,7.480152728095394998e-01,-6.851384444575704669e-03,4.752492547875401541e-01,-5.658173804494830428e-01,4.853464787219312071e-01,7.914254504560775949e-01,1.203064259623527033e+00,2.000000000000000000e+00
5.693077648392459444e-01,2.487758040660811298e-01,-3.653479454653008607e-01,-1.474184235006959498e-01,-4.817591967347427118e-01,-7.858346948195413795e-01,-9.968660686781396496e-01,-3.213140442273214603e-01,3.474822849792128521e-01,9.663659721699868754e-02,-5.340195930981480599e-01,2.806728295695787995e-02,1.664821865590626060e-01,-7.353716587895507972e-01,1.000000000000000000e+00
-1.744428939567516768e+00,-5.422311862820247130e-01,3.137240711804477611e-01,6.126029048021893741e-01,-1.109212053930444863e+00,-1.493313487803845929e-01,1.021108451717421373e+00,-5.529972147387500758e-01,6.697764656730604838e-01,8.934672511162142228e-02,8.696855070748344962e-01,-4.043639000184143240e-01,-3.214225306858261577e-01,-1.081693754853021661e+00,1.000000000000000000e+00
-9.338961061712895972e-01,-1.176133059881815601e+00,8.799793164116631594e-02,-4.095281515450703291e-01,4.695463391458097879e-01,2.843965640336299644e-02,4.008234613361238430e-01,-3.575227498206834387e-01,5.456056041486639918e-02,1.151414840055740851e-01,-5.528644118713851863e-02,-5.661134915468937212e-01,-7.990858285513888770e-01,-2.711240812238568942e-01,1.000000000000000000e+00
-3.358481523144226655e-01,-7.297962925819423408e-01,-7.598709176534641507e-01,-1.305681982814199116e-01,-3.330515848473224461e-01,5.314958821872868278e-01,8.345702272236119601e-01,4.769924457624243330e-01,5.411248511670420092e-01,-3.335616726059786874e-01,2.378304042315367850e-01,-5.305308226365507140e-01,1.948564893295189338e-01,-1.469911849293007999e-01,1.000000000000000000e+00
2.949811083931928479e+00,3.026189921395689542e+00,3.449602336881093301e+00,1.497358237287220728e+00,1.720266171715457482e+00,2.285065532360543106e+00,2.324298357932454984e+00,2.196985279880598885e+00,1.327124226373807003e+00,7.767062482465304507e-01,2.175218771147483299e+00,1.638059695689750850e+00,7.552286524538200929e-01,2.059378848107276561e+00,1.000000000000000000e+00
-8.594356260471170961e-01,-7.711863217309243845e-01,-2.873832394163963189e-01,-2.811199019032508128e-01,5.481786541864985818e-03,1.152300451897289996e-01,3.405247733729112047e-01,-1.392006277386224733e+00,-3.653036549014594403e-01,1.990393844833285852e-01,-1.080304476694089910e+00,-1.181604823625807654e+00,-1.284815199678796649e+00,-1.048886455002518980e+00,2.000000000000000000e+00
-3.600766547638810655e-01,9.071911824640030986e-01,-1.316027971197254731e-02,-6.902672406947283346e-01,-2.794409030832892826e-01,3.674949976127755980e-01,7.723098186434087520e-01,-4.380519000834121046e-01,-2.420045342804425514e-01,-8.020297607724780065e-01,-8.904776354216257239e-01,-5.066674511632423411e-02,-1.050427589283362328e+00,-5.967053548717595746e-01,1.000000000000000000e+00
-9.815657655163462225e-01,-1.119896253476269976e+00,-7.254969165255584773e-01,-9.861059303720038915e-01,-7.713791576753189494e-01,-5.316443294315982282e-01,-3.650867446048990939e-01,-7.884898935481168269e-01,-8.870199703610773811e-01,-4.783431157248506649e-01,-1.180283180244690477e+00,-9.075549553161156302e-01,-4.388963178091904727e-01,-1.121389848494797725e+00,1.000000000000000000e+00
1.113481199236938002e+00,6.630208420960440607e-01,8.663867526135680119e-01,1.124030761340056417e+00,1.363011701616302362e+00,1.969027830489608610e-01,6.584571606011542233e-01,1.332866857760705681e+00,1.010701663510012782e+00,9.455455593684933824e-01,1.460004937501560462e+00,-3.112743543487645481e-01,1.276563172921953759e+00,1.169716763513724445e+00,2.000000000000000000e+00
-2.306956288451411097e-01,9.842175602257455247e-02,-1.654500392765777816e-01,-4.511745046816490468e-01,3.939029515453179031e-01,1.383830932572953643e-01,1.066518217011287739e-01,2.769990930691075826e-01,5.001530180864904862e-01,3.101735370275144898e-01,-3.989129692789353809e-01,-2.689897612657655701e-01,-1.662912003051057463e-01,2.113319906665011294e-01,1.000000000000000000e+00
6.615686841638632881e-03,-1.176245451247094967e-02,-2.291935810918653282e-01,-7.659273951669796077e-01,8.429812228747451952e-01,-2.460397473673095470e-01,-3.095886427158827670e-01,4.501510916216870939e-01,-4.658012811786071961e-01,5.031065650671929790e-01,-1.233249830280426229e+00,3.093125281434577767e-01,-9.090725679842158458e-02,5.381640693404597664e-02,1.000000000000000000e+00
5.090945118340307607e-01,-5.078189370478061182e-01,2.139939746897557282e-01,3.732347750341626913e-01,-8.250520297369305922e-01,-3.395923080878762157e-01,3.084026073347193031e-01,2.311809969700958090e-01,1.056862605630022600e-01,-6.220085794308400917e-01,6.287548328035736933e-01,-1.324389103765587050e+00,-2.812937952513798745e-01,-6.523131633164308552e-01,1.000000000000000000e+00
-1.689011782770222514e-01,-6.807294957882176201e-02,-4.016664794440611419e-01,-6.045005326820430680e-01,-1.672674646371326013e+00,-6.446435266281108634e-01,-2.582863239381396059e-01,-1.826620000155319445e+00,-1.708592785381892964e+00,-2.089442140204550658e+00,-9.089344802212853125e-01,-5.512049511430094917e-01,-1.837482115528245030e+00,-8.568552896442077627e-01,1.000000000000000000e+00
-4.608283049920780527e-01,-9.907831296187797898e-01,7.706487880798104650e-02,7.619856828138793503e-01,-6.489232859378550877e-01,3.144650498260921356e-01,5.568322940757302053e-01,-8.519318269915878705e-01,-1.355644655826460765e+00,-8.339354631349884528e-01,-2.512480054212675173e-01,-2.937490951480540846e-01,-1.092803029746489463e+00,-1.019432787093836890e+00,1.000000000000000000e+00
8.106618183386502530e-01,1.119571481167469740e+00,3.338188405387124691e-01,-2.147167161871795238e-01,-1.870911106085164644e-01,3.552848435916929337e-01,-4.206967611746052493e-01,1.135979290083267701e+00,-2.874615822950849497e-01,2.604583596486050312e-01,7.548338067558039155e-01,1.013407690449005694e+00,-9.118290328810987888e-02,6.299788244217183752e-01,1.000000000000000000e+00
4.670092785773551081e-02,-3.349681386715444575e-01,-1.189944730130658435e-02,7.978142246830788320e-01,1.037127800867182037e+00,4.873199358979929396e-01,9.457929138066620833e-01,5.805212317010783885e-01,1.103020343345141985e+00,-9.110802675797044503e-02,5.524586178297687944e-01,-5.180311691309615885e-01,4.891994056103234900e-01,3.871709556646311112e-01,1.000000000000000000e+00
2.694024863743644804e-01,-4.530731648611998619e-01,7.443367892335701619e-01,1.018600427326327829e+00,-5.220029460882075201e-01,1.705408151297141295e+00,1.417885594286193429e+00,5.211255978577414849e-01,1.051552413227931221e-01,-4.078662040541363165e-01,7.716327815920526190e-01,4.585539696415439903e-01,3.853414450528715451e-01,4.917561865993651526e-01,1.000000000000000000e+00
-6.022254539492521985e-01,-1.092544860141257734e+00,-3.468565985952246633e-01,4.584971238645368929e-02,-2.659373966056315097e-02,2.163940566730222503e-01,-4.428810692498161838e-01,-5.464006294203427316e-01,2.788054448570351229e-01,8.043968341166837233e-01,2.150517631819958697e-01,-5.236988831483123663e-01,1.300405789024954017e-03,-2.336549572592946378e-01,1.000000000000000000e+00
-4.903891144807679403e-01,1.241813924512601197e+00,4.087496970446518052e-01,9.280806395578535817e-01,1.934273470658302574e-01,-6.702617872368510366e-01,8.815524570305247054e-02,-6.186633414725221103e-01,8.381550664004943085e-01,4.602268965120988597e-01,-1.922422585924943861e-01,1.140040440454479942e+00,4.213850388530321345e-01,-2.202818371821298471e-01,1.000000000000000000e+00
1.580143190232329020e-03,3.726914919617668742e-01,1.126588116986575017e+00,2.736027374290137537e-01,-3.569174705663792913e-01,-4.814777931226359442e-01,-6.976625236501308169e-01,4.834403225056746467e-01,-5.751517180917578020e-01,-3.361350593434572209e-01,-1.059302886680728584e-01,2.704689190623043582e-01,-5.634921017420377876e-01,3.765164885406723227e-01,1.000000000000000000e+00
1.808777612343529240e-01,4.518282423771148304e-01,3.161933859938487190e-01,-3.364431413320630448e-01,-9.920179176650668618e-01,3.392818932143391586e-01,3.718500401771927810e-02,-9.575600483412574082e-01,-6.248793033672426223e-01,-9.528591364132410479e-01,-6.867847987949239341e-01,3.730648786485998292e-01,-7.975719150737423657e-01,-9.256673851506613815e-01,1.000000000000000000e+00
5.640888524871684462e-02,-3.776486849580097949e-01,7.797705071765103080e-01,-6.145652498067644132e-01,1.142464102192042585e-01,-6.917591710303074848e-01,-3.223040471088675640e-01,-4.645847977866545547e-02,-6.923314708949130925e-01,-8.091625005182822017e-01,-1.118389222247260367e-01,8.233319667211982940e-02,-3.330452384197103433e-01,1.583271147619241814e-01,1.000000000000000000e+00
-8.760548293064625014e-01,-1.035114176821667176e+00,-7.301008620081465006e-01,4.366061810711477920e-01,5.885188987533546134e-01,-1.008616798309542179e-01,-2.422974200332432271e-01,-7.588548861232311538e-01,6.034518038982443766e-01,-2.726527992522719268e-01,-6.399961919859988857e-01,-1.320647413574007389e+00,-1.287961755885456104e-02,-5.777722420566369088e-01,1.000000000000000000e+00
1.311836309684197399e+00,9.112737951384344282e-01,1.530846711265241966e+00,8.579941400274676555e-01,1.371982959509673750e+00,1.077066275016701047e+00,6.339740080290647839e-01,1.159662572649996504e+00,7.158875642554760610e-01,4.938811536681800840e-01,1.014908319534724823e+00,5.365711502097150198e-01,4.025676253699980722e-01,7.220417630989843794e-01,1.000000000000000000e+00
4.290207955202239853e-01,1.447135478300987654e-01,-6.450215760129702769e-01,-1.003336272024256903e+00,-4.493291643870035434e-01,-7.442423242797318039e-01,-8.213638358061874367e-01,-2.256865654750249139e-01,-1.673820496301363203e+00,-2.652907150423073346e-01,-1.411121543588650606e+00,2.585833695206639082e-01,-8.140101529002713443e-01,1.275912867706835985e-01,1.000000000000000000e+00
3.681944683574519400e-02,-2.436875765378611336e-01,-9.094071115540188766e-01,-6.276142627572748323e-01,-9.961981840782112296e-02,-1.124345570398333383e+00,-8.412899334283215902e-01,-7.278715434464434475e-01,-4.261891079140099348e-01,1.971866707648707751e+00,-1.605401535399762825e+00,-6.739702831750271628e-02,-6.441366220787269059e-01,-5.351332853574417570e-01,1.000000000000000000e+00
-7.938145342818976324e-01,-7.251658616192799833e-01,-1.564071031927577682e+00,-7.653763263596304878e-01,-1.222818840912804683e+00,-3.427543203434932906e-01,-1.045074704744813676e+00,-6.672516987072933947e-01,-1.137506853585014577e+00,-6.543155141654877216e-01,-5.676214967824144697e-01,-2.835688827710620696e-01,-8.318259075577567607e-01,-1.006614684502105561e+00,1.000000000000000000e+00
-8.765984596971834186e-01,-1.008090020439990298e+00,1.158380767016426449e-01,4.132720573819269327e-02,2.022017083096689927e+00,-5.808070964645392076e-01,1.194793607113686207e+00,-6.701395435326613637e-01,9.077337662865470058e-01,1.284418853789713655e+00,-6.639510632003702353e-03,-5.230629757208606068e-02,1.525055475226679391e+00,6.582307179062625302e-01,1.000000000000000000e+00
1.375228877119069049e+00,7.687152612447758493e-01,1.929318682296629062e-01,8.791784680541017138e-01,1.941762943159728305e-01,9.054512665949070449e-01,5.399030864143831154e-01,9.229128982628864719e-01,1.421042720929585279e+00,1.239203787333491791e+00,7.814392371953993166e-01,1.507001271876605708e-01,5.710107793382829255e-01,1.064131682374943821e+00,1.000000000000000000e+00
-6.448681135736702430e-01,3.271274064107635993e-01,-1.730666437037755578e+00,-1.453714835000993633e+00,2.798515093577765844e-01,-1.648782784054088513e+00,-1.312079301373788809e+00,-1.214964535179326788e+00,-2.853522264683811538e-01,2.908035559159383721e-01,-1.572783463207639176e+00,7.873379755006413294e-01,-2.676244572384854914e-01,-3.532686844726692366e-01,1.000000000000000000e+00
8.117247509276396267e-01,1.087661648182043139e+00,5.248974413885737489e-01,6.338863228641412606e-01,-8.443866837877667120e-01,1.279136883656817880e-01,2.809097618568975191e-02,-9.753559371629429153e-02,-1.216870066627794844e-01,-1.009495475542175225e+00,-5.633515273124125450e-02,7.564698918899986912e-02,-4.900125867033466309e-01,-2.217085205057069963e-01,2.000000000000000000e+00
-6.925439451524811885e-01,-4.482421997757272125e-01,1.084146007037216086e-01,-5.882959894658210676e-01,-2.692678265227925194e-01,9.203124974497578492e-02,-7.466930721643762203e-02,6.363898471754548813e-01,-1.373872448860398610e+00,-1.203744122610290290e+00,-5.536215934930490690e-01,-2.960628162169930827e-02,-1.062524628450809860e+00,-9.221812660066991407e-02,2.000000000000000000e+00
-1.799862648565826451e-01,-8.241805590703535356e-02,2.383798607163729322e-01,7.756586707619285148e-01,2.909347786433839622e-01,4.474631741317862677e-01,8.658295717785420287e-01,1.413943136144003854e-01,7.091548042353091885e-01,3.279742522844466546e-01,2.222165197403629111e-01,1.194524922254250610e-01,7.701325608998593752e-02,9.748997997947062011e-02,2.000000000000000000e+00
7.146794098300518483e-01,-5.307579093275952564e-01,-8.855367906184349880e-02,9.498527604227096077e-01,1.040728169806663939e+00,7.758093035006288218e-01,5.589109757000325640e-01,5.785918697878212891e-01,1.570127071379296080e+00,1.562949659027165428e+00,7.543358415978718146e-01,9.430653857516663185e-01,9.912223928589607436e-01,5.961344173014541115e-01,2.000000000000000000e+00
8.328313605864672287e-01,4.651457500055888872e-01,6.523202290789300584e-01,4.501401844723468271e-01,-2.194668550845926547e-01,3.980885539368311243e-01,2.130019164238595164e-01,-1.075375811700987616e-01,2.035751869519553947e-01,2.520733346723432189e-01,2.747308791250872573e-01,3.576179392106732524e-01,1.204627545500800007e-01,2.840842470367903050e-01,2.000000000000000000e+00
-1.240871569462606572e-02,-2.256100905818489710e-01,1.812261665714564041e-01,2.862213383458283023e-01,-4.712928375758554944e-01,8.625060567546541379e-02,-7.725564348678008730e-02,-1.106651119537870598e-01,-2.223368002782499797e-03,2.317314920575036519e-01,-8.183813132650978872e-01,7.915753561971201613e-01,-3.758472281883455668e-02,1.361461986805510282e-01,1.000000000000000000e+00
-2.265094000691040832e-01,-1.655345662981457522e-01,-3.585822890219647063e-01,9.862035679259112397e-01,-4.436943455902574440e-01,-3.009467935266047639e-02,4.918376247929788225e-01,-3.001127334797539792e-01,1.001010029817562597e+00,1.224208312849826008e+00,4.307677170735163541e-01,-5.490652527382315906e-01,4.575637149982983987e-01,-3.693716216108629546e-01,1.000000000000000000e+00
7.092240383899648393e-01,5.076249457537813647e-01,1.965948444818394272e-02,1.037082741538088992e+00,1.031228583966390167e+00,8.876110980951954499e-01,7.982675466193018821e-01,3.008532437390492587e-01,1.234494176106504693e+00,1.018786508309925676e+00,7.338288714784086952e-01,7.554027603480464315e-01,1.050123442790040551e+00,8.015530978403480056e-01,2.000000000000000000e+00
7.718654169465959392e-01,3.556548684001074045e-01,6.151260346292298786e-01,1.952987949768786091e+00,1.077423880923234156e+00,9.978998670972417662e-01,1.260014184125065606e+00,-5.454043051868590064e-02,5.340013333284792107e-01,6.999957266163029379e-01,8.685143084486932619e-01,1.162286911500736986e-01,6.800627176131124330e-02,2.232098233198140658e-01,2.000000000000000000e+00
-2.247879520051156099e+00,-1.985677726789767616e+00,-2.840499684314366835e+00,-2.114848159820575280e+00,-1.222360036336718053e-01,-2.178086231300249143e+00,-2.017290744208320774e+00,-2.299482100440068955e+00,-1.149750691733708363e+00,-1.571669144628017101e+00,-2.190527774506096925e+00,-1.453083401414713149e+00,-1.484970002364428110e+00,-1.961757851500132377e+00,2.000000000000000000e+00
1.179630955275151827e+00,1.177580000571780472e+00,1.147021022617904951e+00,2.607981536111961818e-01,1.961714983098109766e+00,6.232992489588995433e-01,1.223586949915439703e+00,1.857773346814362014e+00,9.755494638581996281e-01,5.391074516884521994e-01,1.687441055798352130e+00,9.528869930719507941e-01,1.876562826333382450e+00,1.626575780023610918e+00,1.000000000000000000e+00
4.390068436917045347e-02,-4.416279100624940224e-01,-3.503114263880914292e-01,-3.738221184472723113e-02,4.686054784635678150e-01,6.936496173645121388e-01,4.127311755579368135e-01,-8.034988724711011887e-02,7.427587679613638638e-01,3.311871704810867567e-01,4.403636579204706636e-01,3.877485016457157818e-02,1.983958477589470581e-01,-6.919632181942447779e-02,1.000000000000000000e+00
-2.657754414556796618e+00,-2.805881161815019453e+00,-2.542270438787387121e+00,-2.255752790629226290e+00,-1.888081934341601320e+00,-1.810400494982514319e+00,-1.112778085810055995e+00,-2.519158931275483848e+00,-1.330004871667260780e+00,-2.916251495671666749e+00,-1.230649988769411340e+00,-1.877430020225944851e+00,-2.061211292792076044e+00,-2.076049533923795654e+00,1.000000000000000000e+00
9.179371893384367098e-01,-9.604596187724970258e-02,1.241906657873319775e+00,7.513382894167024428e-01,2.783308780290533746e-01,1.420425459833267290e+00,1.288236337921445429e+00,5.551430829143789714e-01,8.665492061174322469e-01,9.197783676796582597e-01,4.933005852354218623e-01,3.358470213580920793e-01,2.460506109728279878e-01,1.941737777051817937e-01,2.000000000000000000e+00
-1.469420846540467895e-01,1.056762851229431810e+00,-4.129032076172562959e-01,4.566941511373512896e-01,-7.268002280701754136e-01,5.169975517126188524e-01,-9.245702713262435868e-01,8.527805418938780302e-02,-6.805725529806995466e-02,3.147886949848724414e-01,-4.128050319364223175e-01,3.736077881486156160e-01,-4.975097962767564552e-01,4.919288666656691789e-02,1.000000000000000000e+00
-2.369635091238330826e+00,-1.573363610190520179e+00,-2.494007388734802877e+00,-1.750958492697296975e+00,-1.966224552116386581e+00,-2.755981573283320607e+00,-2.384253069597648711e+00,-2.135102002049261483e+00,-1.289981378987850702e+00,-2.415480130323857111e+00,-2.108336421025966523e+00,-5.122635637238640571e-01,-2.128156342010257607e+00,-1.333706460219242107e+00,2.000000000000000000e+00
-2.021074666936324149e-01,-6.098562167558969627e-01,-8.200490774924434900e-02,-1.162096105324488704e+00,-1.192318138575980957e-01,-6.523088401255997537e-01,-6.029164579334438390e-01,-1.786628039842133864e-01,-3.993032549276700482e-01,-7.879096317971365782e-01,3.202705554956186140e-01,-2.278350440454254278e-01,2.565477484521445639e-01,7.753697995490215211e-01,2.000000000000000000e+00
5.962851512043399610e-02,-2.034331081976604449e-01,3.098007684494555325e-01,1.446729349676897147e+00,3.839690273089897410e-01,8.472546702812053798e-01,8.668725473212544053e-01,4.276490567843755919e-01,4.515035662037135689e-01,1.294319218386403847e+00,5.557437021198893268e-01,4.484307999150826118e-01,8.106826513403637691e-01,5.082358953879182600e-02,1.000000000000000000e+00
-1.860305682107504577e+00,-1.758533073135674307e+00,-2.318587789429392920e+00,-1.985637190710120237e+00,-1.508275605192007873e+00,-1.471367278985936444e+00,-1.487135565542566873e+00,-1.461547931165109393e+00,-2.625811314333488244e+00,-2.781879949471059099e+00,-2.059662803037845880e+00,-1.485369471286273946e+00,-1.617067634588204017e+00,-1.975884036057025783e+00,1.000000000000000000e+00
-2.486399393914200839e+00,-2.778958171920950626e+00,-2.930630227298427481e+00,-1.804540283915680998e+00,-1.203722492200264949e+00,-2.056905935525777274e+00,-1.836116227205447426e+00,-2.388341962051218292e+00,-7.961569216576938057e-01,-6.501251340096662057e-01,-1.805067656124093478e+00,-2.028662544356402808e+00,-1.579671119258494016e+00,-2.599053780802986768e+00,1.000000000000000000e+00
1.025154934099649306e+00,1.169385393559221109e+00,1.950493934323648260e+00,2.707990527803613157e-01,1.032648069042526373e+00,5.477311666149148328e-01,1.076005021660996430e+00,1.252764815883859795e+00,5.690265952239097480e-01,1.192357758876798179e+00,8.000399461602260009e-01,8.864466981794835165e-01,7.284367687923603008e-01,9.096667080112544879e-01,2.000000000000000000e+00
-4.103791809035359783e-01,4.990165255199596750e-01,-4.621816319507494053e-01,-7.252067822844706635e-01,-6.139985681668111983e-01,-6.930992451000107524e-01,-8.565491954291512000e-01,1.139407909730759894e+00,-7.742446179150821450e-01,-4.100768608568020057e-02,-3.922364621675993868e-01,5.443626997316237670e-01,-2.390396424496401759e-02,6.874587595827007513e-01,2.000000000000000000e+00
-3.162860296583522302e-02,1.878131502718408008e+00,4.362294677915279362e-01,4.065718103335267952e-01,7.088301367614078252e-01,9.545306032324056833e-01,5.527680710791400553e-01,4.743584476251619386e-02,6.931635238567516177e-01,6.983876992757999114e-01,4.698234494749226609e-01,3.959791878476059401e-01,8.524958238473079319e-01,1.259315088067234134e+00,2.000000000000000000e+00
-5.934767090259582822e-01,-7.104047785691451899e-01,-3.473850467822678922e-01,-9.438160339482172256e-01,-8.104085209226740139e-01,-3.686565290094421243e-01,-5.751118000533023134e-01,-1.107560823288373353e+00,-1.063648737174875070e+00,-1.533714746289915665e+00,-9.792372232299559887e-01,-1.131071812317255398e+00,-1.242793642461745396e+00,-1.076254260077005087e+00,2.000000000000000000e+00
-1.392730404822806189e+00,-3.244447496818416710e-01,-1.545301573815040186e+00,-1.246601786414187618e+00,-2.049452834074808327e-01,2.232249239553153741e-02,-4.485495966414670965e-01,-1.283722887523216782e-01,4.175934546773841793e-01,-9.539926047112005092e-01,-1.441908173533731352e-01,3.906266181180345631e-02,-5.002250275568845272e-03,8.927392090925012624e-02,1.000000000000000000e+00
-1.318182685744969940e-01,-1.000331606657022698e+00,-1.321796061726449256e+00,-1.045671304734322238e+00,-1.376884940680847658e+00,-6.924432656060620639e-01,-1.635357320848467078e+00,-1.223278835731486769e+00,-9.968947196290093293e-01,-2.330084166397970169e-01,-8.173761399322474475e-01,-1.134111853379103252e+00,-1.410017076989044771e+00,-4.452594344874829524e-01,1.000000000000000000e+00
-7.359757240111448606e-01,-3.232277714158715010e-01,-4.573515747361597272e-01,-9.760864545351786159e-01,4.190645204136319441e-02,-7.713265997325913226e-01,-4.489693715993967604e-01,-4.731910779217295415e-01,-2.173710226179618454e-01,-9.760312934020581865e-01,3.146496021974536095e-02,-6.308463375856663280e-01,-2.264469792414043059e-01,-8.526125459626625602e-01,2.000000000000000000e+00
